team_id,team,gameweek,o_rating_season,d_rating_season,o_rating_psix,d_rating_psix
0,Arsenal,7,1071.251248068724,0.7015127097704646,1071.251248068724,0.7015127097704646
1,Aston Villa,7,1566.9924930100733,1.050783405996627,1566.9924930100733,1.050783405996627
2,Bournemouth,7,887.2007179736714,1.0790786161691002,887.2007179736714,1.0790786161691002
3,Brentford,7,1099.6414403059152,0.9739781924854136,1099.6414403059152,0.9739781924854136
4,Brighton,7,1378.133436214146,1.225109203839469,1378.133436214146,1.225109203839469
5,Burnley,7,415.5583880917428,0.7181117832884214,415.5583880917428,0.7181117832884214
6,Chelsea,7,1214.3587222660012,0.7094984190592177,1214.3587222660012,0.7094984190592177
7,Crystal Palace,7,676.4782984271349,0.7204693952183139,676.4782984271349,0.7204693952183139
8,Everton,7,839.0244437101542,1.069409487315408,839.0244437101542,1.069409487315408
9,Fulham,7,802.1965600067625,1.3567832739255403,802.1965600067625,1.3567832739255403
10,Liverpool,7,1412.0380833152767,0.6921944710510088,1412.0380833152767,0.6921944710510088
11,Luton,7,623.7339280076563,1.0202376206864383,623.7339280076563,1.0202376206864383
12,Manchester City,7,1405.6740902501265,0.5987018988733243,1405.6740902501265,0.5987018988733243
13,Manchester United,7,947.0233274415806,1.0786776963913414,947.0233274415806,1.0786776963913414
14,Newcastle United,7,1214.3716291104545,0.4979100474505057,1214.3716291104545,0.4979100474505057
15,Nottingham Forest,7,689.0348713504821,0.9728973593890624,689.0348713504821,0.9728973593890624
16,Sheffield United,7,569.7923238902591,1.714059199283632,569.7923238902591,1.714059199283632
17,Tottenham,7,1369.2736944193657,1.2446518313618316,1369.2736944193657,1.2446518313618316
18,West Ham,7,1111.829453287038,1.315352340638322,1111.829453287038,1.315352340638322
19,Wolverhampton Wanderers,7,820.9565101160023,1.5671296858484975,820.9565101160023,1.5671296858484975
0,Arsenal,8,1474.7307264947924,0.6486707893940886,1400.7738401926,0.5995526055867638
1,Aston Villa,8,1534.1105552228184,0.9520399607674156,1247.989798914438,0.7750262528797609
2,Bournemouth,8,1016.1879161051784,1.2474940802039716,889.0422548898387,1.279173892128637
3,Brentford,8,1288.806194620615,0.8751965777455567,1085.0093708708498,0.9617552466521596
4,Brighton,8,1429.8969329705296,1.1154876032917191,1165.8122159035,1.106929070491739
5,Burnley,8,665.7631678765405,1.0232844333062767,653.4799099466418,1.0704568320936656
6,Chelsea,8,1277.7244628020244,0.7234579064053535,1044.5364488560735,0.770279403715312
7,Crystal Palace,8,868.6596512547159,0.7513013190318516,764.943833294763,0.8038291603972438
8,Everton,8,1196.294346053647,1.1218276195567638,980.657299518306,1.1220588726247085
9,Fulham,8,888.538523467098,1.1985712549789491,725.9996645644688,1.1549903675645226
10,Liverpool,8,1520.480879968126,0.7479265540394305,1392.952081065795,0.7135943965237302
11,Luton,8,967.9250631518406,1.393433309560297,779.1531131911697,1.294007387493629
12,Manchester City,8,1379.3475652915,0.5866374534746795,1118.4966567086744,0.6539293358039352
13,Manchester United,8,1225.6099742628417,1.01167780292495,1062.7126788923874,0.9367705313451712
14,Newcastle United,8,1576.070985718153,0.5957012091444434,1082.617570408857,0.5679332807786351
15,Nottingham Forest,8,770.1977907648215,0.925004980718644,590.4533112834978,1.0064620197512346
16,Sheffield United,8,632.5523319411151,1.6613893075999868,565.9859965896009,1.760368607147162
17,Tottenham,8,1596.07997173809,1.0031436745964908,1469.9968410519111,0.9270862754272148
18,West Ham,8,1259.1064493230542,1.29715041745392,1117.978387642466,1.3611172690066864
19,Wolverhampton Wanderers,8,929.5384461321576,1.2968605308940662,747.0789365360146,1.3469870917403972
0,Arsenal,9,1540.5079810475731,0.621700568327708,1337.5637722374256,0.5695848314793365
1,Aston Villa,9,1630.108678044318,0.9957673041393644,1042.647557544606,0.9577870484123948
2,Bournemouth,9,1089.0943848947338,1.3428550184215076,819.5238607973205,1.4404706330797523
3,Brentford,9,1397.3449898608285,0.8601341200881177,866.7940751604247,1.0579035505816627
4,Brighton,9,1732.757436368027,1.1478132675959858,1193.1017165020126,0.996822701660965
5,Burnley,9,808.0005173284799,1.066994579536696,820.2473318749146,1.2899173028552438
6,Chelsea,9,1460.4688669578488,0.7601382075496392,1049.426628762798,0.7235416872509302
7,Crystal Palace,9,995.585499035922,0.8143659036536589,674.9993060731512,0.9359365972411277
8,Everton,9,1473.9665696183183,1.109036800014342,1074.343712967283,0.9923565906772588
9,Fulham,9,1051.9608427768887,1.1136307986064278,811.9164948340941,0.8620171291440939
10,Liverpool,9,1713.9892415653526,0.8053884683847508,1393.401316809706,0.7832123642682802
11,Luton,9,1060.1772057236908,1.3059589667027116,954.033413744006,1.4038694314625806
12,Manchester City,9,1522.5957054585451,0.5353915483756809,1105.6329766695676,0.6334415112982699
13,Manchester United,9,1372.9270216727705,0.9458948911230828,861.5712093662818,0.8625238215006261
14,Newcastle United,9,1682.6400520644474,0.5963248633297724,1110.1935044563345,0.527428110969067
15,Nottingham Forest,9,935.0502428422824,0.9267829748324604,646.287228928575,1.1372231319486792
16,Sheffield United,9,666.9144960384148,1.6848271951913212,593.4342873242034,1.8057618715143549
17,Tottenham,9,1768.280644591276,0.981429586573776,1299.6123373537905,0.7400113244562503
18,West Ham,9,1391.1138162204525,1.2875565841270062,1075.0099677470284,1.3317795523899574
19,Wolverhampton Wanderers,9,1110.7967354538744,1.2405459949403488,676.5644044797133,1.2224281127475844
0,Arsenal,10,1654.313217508394,0.6610126716409199,1015.4665880882594,0.6402133051491852
1,Aston Villa,10,1806.729571194916,0.8889655997116528,1018.2580103112742,0.8921730407056192
2,Bournemouth,10,1213.5970707076422,1.3993192095487157,878.5051686706423,1.7172477467263514
3,Brentford,10,1664.0814513205653,0.853933097581401,1038.2759297564855,1.071394324096575
4,Brighton,10,1914.455114403112,1.068102242198609,1222.211723688068,0.7965467782138295
5,Burnley,10,886.1195380826757,1.1213313627670236,773.0045887032727,1.260143046202683
6,Chelsea,10,1722.7574196659186,0.7410695686228654,1211.4656228333658,0.7852995848150359
7,Crystal Palace,10,1178.963879213724,0.8916380910183874,832.245067090247,1.2032920214579192
8,Everton,10,1471.3778391528217,1.0831261165843429,838.603546096993,0.863679687373046
9,Fulham,10,1122.0616773709417,1.0856269369706908,703.1356947797694,0.6727682132430457
10,Liverpool,10,1985.571962290413,0.7174197013521998,1607.345425705062,0.6814325238989877
11,Luton,10,1247.5222923392407,1.490219251255802,1165.7691221451714,1.722741251357554
12,Manchester City,10,1610.7765421041963,0.5207904265797125,1119.911889378162,0.6417539080977716
13,Manchester United,10,1451.3579632382448,1.0112540082696029,637.651946359156,0.9329855969668296
14,Newcastle United,10,2192.934095742119,0.6247811853636231,1235.674351963396,0.6065726101104877
15,Nottingham Forest,10,1135.456098320349,0.9434252045068384,682.434712219911,0.8284048380552047
16,Sheffield United,10,809.9543873610728,1.6017386847404222,631.1557408001936,1.832095384757857
17,Tottenham,10,1881.3770363776391,0.9412826609661168,1355.8941368857486,0.8202135938198571
18,West Ham,10,1505.099993878644,1.2504798915290407,838.5066573717529,1.3363923095862122
19,Wolverhampton Wanderers,10,1297.8714685457976,1.194532232530814,654.7840027981514,1.0298632361495486
0,Arsenal,11,1832.9977609636671,0.6132526853555964,1007.4836258971133,0.5029368171027088
1,Aston Villa,11,2044.218790328184,0.8478319164141064,1111.0218339153685,0.7905798160587132
2,Bournemouth,11,1319.794409789094,1.369177875854298,823.9253739421064,1.621558564211567
3,Brentford,11,1995.6731163234376,0.8903601973531159,1136.8662786746293,1.0453873185127571
4,Brighton,11,2012.4470694583408,1.018462441866645,1180.1127157020237,0.8068341669380927
5,Burnley,11,922.8171863594008,1.072393541720455,537.1617905946135,1.1610331706238823
6,Chelsea,11,1954.6429070426573,0.816327460184215,1220.4594392604154,0.9385138239248432
7,Crystal Palace,11,1230.0926882106533,0.8620709920865419,615.0354192545852,1.086907174428824
8,Everton,11,1531.3921351123754,1.037198018914292,737.6846768024423,0.668788845642221
9,Fulham,11,1163.146027233517,1.0372644938761924,510.61973188993335,0.6470502786770191
10,Liverpool,11,2317.7190755568017,0.7184502328917168,1762.1095386622374,0.7292626446121848
11,Luton,11,1334.223948052149,1.557826793697042,1175.6488378501665,2.099061461964572
12,Manchester City,11,2044.288849217765,0.5447188939042147,1227.5851515843283,0.549626895891165
13,Manchester United,11,1597.004384067855,1.1758864186911575,636.4776499311405,1.34819565289026
14,Newcastle United,11,2437.169715252028,0.6349038545709942,1448.2771800188798,0.7597873359404536
15,Nottingham Forest,11,1194.4312628628018,0.9708839415327511,626.4279564202637,0.8546102242014924
16,Sheffield United,11,803.0948776460048,1.6441273197860244,396.5640868425239,1.871104260044376
17,Tottenham,11,1989.5514541431216,0.9140138728119828,1312.2842338933297,0.8052138724492579
18,West Ham,11,1543.8909296818902,1.155596641955339,843.357074927877,1.2500127755072958
19,Wolverhampton Wanderers,11,1437.6250377132856,1.1926219541482244,711.534197772219,0.8782002369392652
0,Arsenal,12,1897.503762300904,0.6079132636232024,929.9757119983112,0.530537220178824
1,Aston Villa,12,2199.662624273694,0.8241622386908996,1078.7769887405782,0.6702243987463126
2,Bournemouth,12,1436.0650685633332,1.379916290466395,779.0063360075046,1.7517080560339395
3,Brentford,12,2164.059020119978,0.9216930732721206,1236.5220786158025,1.074681634640794
4,Brighton,12,2055.933318009973,0.966147012682312,1145.8954024115533,0.8229449948089149
5,Burnley,12,1073.6029743239242,1.0889603034820003,584.8337828611377,1.2453752436746668
6,Chelsea,12,2357.9805312522394,0.7896723184373052,1607.706561533308,0.8322729840541727
7,Crystal Palace,12,1367.5363834638893,0.9542618082347852,577.382484184003,1.1082204162794862
8,Everton,12,1594.6075764763436,0.967142785605118,765.1142270680825,0.6434129646812246
9,Fulham,12,1268.0140726940488,1.0016474898239989,506.49700650700606,0.5949147228495826
10,Liverpool,12,2557.9036915772413,0.7496973837156355,1643.5171350027597,0.7750459544096431
11,Luton,12,1533.922292810545,1.5645427608067322,1080.471892403395,1.877650922348593
12,Manchester City,12,2250.838784463236,0.5483347493611679,967.4125281990596,0.5154815428899076
13,Manchester United,12,1629.4048678876325,1.179952995305003,662.0593560494051,1.4953126241422054
14,Newcastle United,12,2584.868054785088,0.6053712874135174,1479.437722840733,0.749621887035335
15,Nottingham Forest,12,1250.9787306687256,0.9400761215808602,671.7729646183645,0.8772328931310998
16,Sheffield United,12,898.1363187594175,1.604633447893702,411.32622012871474,1.869923491798024
17,Tottenham,12,2087.5991742453966,1.009849560963329,1305.294501794688,0.8957682748905811
18,West Ham,12,1764.3911650460875,1.133544744627392,851.6496627308655,1.068429377670959
19,Wolverhampton Wanderers,12,1527.1267285896515,1.2298782764792593,742.4619049281958,1.0325125540433682
0,Arsenal,13,2124.248903086013,0.5767037217680535,890.2592941783038,0.352672750024573
1,Aston Villa,13,2406.4136593999224,0.81448338486822,1333.669265793481,0.701464135402982
2,Bournemouth,13,1819.4712924622552,1.2674716236580057,966.6233497688962,1.540815571425714
3,Brentford,13,2313.035915314169,0.8754713811841984,1060.850065705767,0.823606775455457
4,Brighton,13,2109.0235976884246,0.9642315850222822,947.544714604292,0.7522651425566876
5,Burnley,13,1099.6090699695749,1.11254525689275,572.9036137921142,1.4172766065891178
6,Chelsea,13,2924.231544525735,0.8457293728664762,2250.6804411490457,1.0260166651785247
7,Crystal Palace,13,1565.092672449599,0.9910849380214468,734.5710308547943,1.3711669296571083
8,Everton,13,1824.596858827193,1.016289889821413,650.6220947756814,0.8375433626529623
9,Fulham,13,1318.6507226931644,1.0264848270689342,605.4757147517355,0.8080059724361232
10,Liverpool,13,2722.4002352487664,0.7474015649073198,1331.9287203414267,0.952513485081772
11,Luton,13,1561.5999801545074,1.5905697547979998,786.8738235455487,2.4239454981769293
12,Manchester City,13,2653.243277366985,0.6256650028845139,1376.391523365956,0.5388938271483217
13,Manchester United,13,1796.6958030953228,1.1111598558081894,699.0614421651084,1.1112178340422718
14,Newcastle United,13,2640.6782607524938,0.7094521708221987,1327.7935056561914,0.8295230750561828
15,Nottingham Forest,13,1365.3467165419145,0.9629638298504216,612.6025113328175,1.0199668608575223
16,Sheffield United,13,955.3592880511806,1.5132859176986198,512.7804612566504,1.5118678156305592
17,Tottenham,13,2167.0397612369984,1.0291357260780465,752.7931422696881,0.7723883993855402
18,West Ham,13,1951.0333550460264,1.132403071638139,907.1183284255668,1.01968021713858
19,Wolverhampton Wanderers,13,1695.7322772035925,1.151041765502674,953.023628775035,0.7597749545898125
0,Arsenal,14,2368.4308566568216,0.5803355417460048,908.6990571865744,0.4279645249025442
1,Aston Villa,14,2646.83817810054,0.8403664337061529,1268.7040761065978,0.7810085628661418
2,Bournemouth,14,2032.772144412476,1.2346740718290512,1020.8664278750596,1.217611881523642
3,Brentford,14,2627.0577723316137,0.8697287327967413,1356.566829285715,0.9117059714813326
4,Brighton,14,2237.2032702115685,1.0312400860344415,822.8590503439367,0.9185557012745728
5,Burnley,14,1241.7228369691168,1.074806465114434,586.473950596285,1.10154320610025
6,Chelsea,14,3109.711345959549,0.8353275596281982,1978.1018377903893,0.9901568872177208
7,Crystal Palace,14,1673.4257656498123,0.9479944568771508,736.386582404536,1.2584103287790205
8,Everton,14,2051.088401169159,1.038066139406741,739.8044884660694,0.917318361823092
9,Fulham,14,1527.454142806279,1.017702274045774,697.2219372804526,0.8901685363525519
10,Liverpool,14,2822.265007418357,0.7457701387073292,1244.4360937235238,0.8436375967629022
11,Luton,14,1642.8372079722649,1.545150077867571,549.4478804343581,1.7528022857311385
12,Manchester City,14,2894.0669262077254,0.5956257449545991,1376.3303267103768,0.5449451418502421
13,Manchester United,14,2008.610399240378,1.1301867464144344,839.0853567981452,1.342710118137659
14,Newcastle United,14,2887.174984420064,0.6810199530263048,1205.811349640791,0.734713330767117
15,Nottingham Forest,14,1595.4474009075232,0.941822450836702,820.1143564285996,1.141740460288046
16,Sheffield United,14,1015.547280279676,1.521866305183817,397.0043028769204,1.3876477005359251
17,Tottenham,14,2448.1672860607027,1.0276415430528214,818.361033491022,0.9227887526031688
18,West Ham,14,2080.783431712908,1.1582219558033509,776.2737669823794,1.0019229329440311
19,Wolverhampton Wanderers,14,1842.5550054256908,1.2296275528108898,999.3720779184418,1.122833960795134
0,Arsenal,15,2654.864548781132,0.5970412611462326,1209.0021265793312,0.4413440081345298
1,Aston Villa,15,2742.5900886227573,0.8944002934109829,1130.2536229161751,0.8822270893503877
2,Bournemouth,15,2350.3075623653385,1.176804132549124,1300.704439118649,0.7656609320239101
3,Brentford,15,2848.7998300087183,0.8210060138073838,1508.4567076491855,0.7461494707665546
4,Brighton,15,2325.280142432959,1.012747640765436,581.426091278252,0.8048449643501374
5,Burnley,15,1424.598613078041,1.0658082439504877,735.4956321762776,1.0096739566066353
6,Chelsea,15,3294.6797724191606,0.8041218716064673,1981.7077265683088,0.9296381502723012
7,Crystal Palace,15,1753.9302036408376,0.936210835184024,794.2476311862597,1.4048358897389166
8,Everton,15,2117.968499605199,1.0096831633701244,494.8035317305156,0.954235516958523
9,Fulham,15,1715.2850023170083,1.046232867742941,681.5363168355339,1.1918574021431965
10,Liverpool,15,3120.664168610082,0.7905841165372904,1186.5759871401642,0.820495603776696
11,Luton,15,1665.6321390172152,1.5759732868992335,458.1554446141244,1.7468279696211295
12,Manchester City,15,3181.5070431380364,0.5675241897017135,1582.4378665653308,0.6175830763665744
13,Manchester United,15,2085.181090873005,1.1465388628147315,730.7022921524137,1.6134402397214584
14,Newcastle United,15,3105.53948325594,0.6433060009419139,1161.429001408027,0.5795816321811216
15,Nottingham Forest,15,1664.8219940455042,0.912632899683716,826.7522644973005,1.2817167189309893
16,Sheffield United,15,1091.0146337390624,1.593245146970098,456.6546365654138,1.336537369428871
17,Tottenham,15,2489.397492825576,1.0411514331911316,668.5131755317587,0.952299893393834
18,West Ham,15,2232.144271423321,1.1312958295842677,753.1131404684546,0.9691069650128502
19,Wolverhampton Wanderers,15,2025.6157701242687,1.2808375400206558,1113.2087336257073,1.2226435889380198
0,Arsenal,16,2837.934058630889,0.5876459781844787,1239.7953521352556,0.5573119636753732
1,Aston Villa,16,3104.8289441824822,0.8733066900661978,1285.0942488914077,0.8670695109117923
2,Bournemouth,16,2494.616030753941,1.16459442996592,1284.5940462537906,0.7150953849525881
3,Brentford,16,2945.058938417524,0.8185449344411332,1162.3329887666976,0.9061414849084444
4,Brighton,16,2490.5006734576104,0.9913890286380072,605.1009966326318,0.8794930766842513
5,Burnley,16,1461.064368961724,1.0538559240090812,733.6022374614884,0.8975830093813952
6,Chelsea,16,3461.653904509973,0.9247680812193227,1588.6915959711134,1.3433778853349176
7,Crystal Palace,16,1871.8357148357868,0.936851454210086,836.3725048535127,1.0436141823718952
8,Everton,16,2567.5975431906395,0.9655165665078044,944.8366885334268,0.8233532595610052
9,Fulham,16,2024.61081213276,0.9810537830507492,839.9828083413588,0.9746517447514168
10,Liverpool,16,3229.4028412386606,0.8115361759784099,1132.3049868303162,1.020997544201016
11,Luton,16,1760.8020105159062,1.540683004012491,431.2753880089135,1.498379727025783
12,Manchester City,16,3243.0834610090933,0.5960379191613159,1485.288405626401,0.6435825981917295
13,Manchester United,16,2515.0297503624683,1.1359849185608226,972.2703899956116,1.248028956645527
14,Newcastle United,16,3240.065668449151,0.7186459424222766,986.4111782862516,0.7789872517342309
15,Nottingham Forest,16,1681.4493469934291,0.9966706080613958,629.1460705055958,1.2197862793920673
16,Sheffield United,16,1189.925605784672,1.5379705790272644,456.8970301285749,1.3184501247419065
17,Tottenham,16,2644.6106963142765,1.041404573853031,685.4085437097865,1.134339353557967
18,West Ham,16,2347.9065554443814,1.1341336210591115,853.9584057769605,1.0109489943504937
19,Wolverhampton Wanderers,16,2147.037700980792,1.2212483001175691,846.4055843951164,1.2088820223354526
0,Arsenal,17,3049.4728823598925,0.5662873520404287,1189.040113283778,0.6359779619722866
1,Aston Villa,17,3192.8656408538845,0.8703902064885793,1141.1424561578292,0.7895841356151653
2,Bournemouth,17,2622.4333806133645,1.1360606282238193,1288.5420485787445,0.6829820651800225
3,Brentford,17,2989.1738755410483,0.8324505470775013,985.5080088767778,0.9041066226661224
4,Brighton,17,2742.4996208910184,1.0123290257050934,776.5133415265167,0.9401157496487792
5,Burnley,17,1565.4665555381143,1.099972993941063,759.4010953105867,1.168351856343417
6,Chelsea,17,3533.5204398922706,0.917303783972936,1346.6705226179567,1.1767851243819454
7,Crystal Palace,17,2086.2328910550577,0.9251696875607548,951.1606478585684,1.0163211090925572
8,Everton,17,2661.431587038764,0.9343946346426116,881.325651918937,0.7468582918793524
9,Fulham,17,2230.5938886137687,0.9692220045863468,1090.523490816604,0.9139524802387706
10,Liverpool,17,3380.230641645332,0.8431803916577222,1079.022282939607,1.0595733271269945
11,Luton,17,1870.465813139328,1.5114155108082552,459.3609761752984,1.4487182718897702
12,Manchester City,17,3373.174439449492,0.5996709730369286,1288.8341196626322,0.7642494610597238
13,Manchester United,17,2631.6730743081234,1.1349749969449223,1086.1338006536698,1.1112119925245851
14,Newcastle United,17,3406.728359462289,0.8190263036424652,958.656854276736,1.1477936689761488
15,Nottingham Forest,17,1786.768612356034,0.9860723253074756,678.7568458385788,0.9957772028869954
16,Sheffield United,17,1280.338502515296,1.460118782691512,540.4505730879556,1.1048767315157648
17,Tottenham,17,3190.2521653666395,1.0390430652244105,998.6552234627852,1.3487262171463328
18,West Ham,17,2434.096294961259,1.1660602537031144,868.0775549422349,1.0509534757685433
19,Wolverhampton Wanderers,17,2249.1170089482985,1.2069301829542285,786.2099400484321,1.0357211594062306
0,Arsenal,18,3307.9492396986434,0.5606090589376721,1534.6842825241038,0.707171242234722
1,Aston Villa,18,3322.5914614456333,0.8476977580387082,1055.776830466464,0.7521067828371337
2,Bournemouth,18,2626.186431825503,1.0755164850156669,1122.2865240557549,0.4436635207159267
3,Brentford,18,3079.835456127634,0.8325590433182919,1018.742595556638,0.8692329045135144
4,Brighton,18,2885.2716817362384,1.0595284278296255,779.0363136780251,1.047244398495475
5,Burnley,18,1651.0562632162355,1.1216747469320816,700.2139696085255,1.262455151137691
6,Chelsea,18,3711.267593306703,0.9071279215322972,1134.956909062477,1.050342355806671
7,Crystal Palace,18,2363.017302860738,0.9463635564664864,1240.8895681647543,1.2108535990736025
8,Everton,18,2883.2969340613527,0.9451035326195808,946.0878135603118,0.7113104624914687
9,Fulham,18,2284.0315064854167,1.0367537193638867,1133.1873409334448,1.389377414386622
10,Liverpool,18,3557.4400933571533,0.8268903643027511,850.4877795269667,0.7533442888728168
11,Luton,18,1846.5962754470177,1.4266827115141223,282.1376260499319,1.015086173746421
12,Manchester City,18,3644.781617055704,0.6474557054419541,1308.2641833213618,1.0199807669157597
13,Manchester United,18,2698.266807515086,1.1272546824565637,1318.7938767142152,1.285432243765414
14,Newcastle United,18,3822.683068411611,0.7995642014825564,1108.039346600746,1.116809980466238
15,Nottingham Forest,18,1944.1694421357984,0.9967099075904988,741.3613626609772,1.0898328576743743
16,Sheffield United,18,1318.9027553107471,1.463061339052163,563.0618805894732,1.3546130488228345
17,Tottenham,18,3384.994499728966,1.0812730025267874,1106.9852018181662,1.3650083957486654
18,West Ham,18,2498.531331638729,1.1346907350818602,706.6189049212594,0.9016415621334598
19,Wolverhampton Wanderers,18,2279.166966756278,1.1854281087197505,650.1218072908847,0.8969527626351953
0,Arsenal,19,3416.9612037624547,0.5631488975260215,1344.6305854192956,0.7343261785750648
1,Aston Villa,19,3419.027416865516,0.8546237129345144,1073.5265319964833,0.8870905038424959
2,Bournemouth,19,2803.344419321725,1.0722662708641435,995.9201195493528,0.5656573302082017
3,Brentford,19,3065.025448960116,0.7937684844553037,747.9003246769059,0.6454022858959714
4,Brighton,19,3039.048460976729,1.072962318473509,907.6110762257006,1.197560668637644
5,Burnley,19,1686.5058843369493,1.1309938442108145,665.5944375313451,1.1758134639468123
6,Chelsea,19,3890.1340308867366,0.9492630195412776,867.772969245982,1.108283870914991
7,Crystal Palace,19,2535.737480577261,0.9529214225413788,1160.2838484129757,1.142786387116874
8,Everton,19,3057.1110878008144,0.9438644482875912,899.330296122034,0.7585666121151426
9,Fulham,19,2415.812383667394,1.0196820404625109,1205.6330631488174,1.151904268489032
10,Liverpool,19,3739.557835247,0.811455168027852,869.0010459819541,0.7397221252521229
11,Luton,19,2066.666332169044,1.4082091655615223,447.26333848684976,1.1378343573225078
12,Manchester City,19,3624.5507238727496,0.6140751746125814,968.278066525892,0.6229772636473409
13,Manchester United,19,2749.083061000204,1.1366580967701692,1049.626232417496,1.4652888883135426
14,Newcastle United,19,3929.805046105004,0.8507816875929747,1172.540510411157,1.2749841319485924
15,Nottingham Forest,19,2024.0537459131008,1.0190900513061147,662.1944431468172,0.9192221095428555
16,Sheffield United,19,1399.329203885832,1.4396501750375883,552.6494681793075,1.4907698258172877
17,Tottenham,19,3530.7537992630946,1.1052104257607622,1260.878893389632,1.419914154639244
18,West Ham,19,2631.625390711816,1.1114826327977951,620.5792978004865,0.7579446261302536
19,Wolverhampton Wanderers,19,2455.199956391819,1.1708661868810857,721.2600781880038,1.1231189229945917
0,Arsenal,20,3698.91481520243,0.5818084169266529,1410.935296688166,0.6981540572644023
1,Aston Villa,20,3567.540758640083,0.8345414873293394,1050.7415015719405,0.7977692662026261
2,Bournemouth,20,3003.590362880585,1.0053670261827974,1035.79387315627,0.4535454075214591
3,Brentford,20,3291.8732430077985,0.8055283699678623,700.112175787353,0.6868717206539325
4,Brighton,20,3370.462084946202,1.047685725880176,1069.7935833790527,1.0154592112313885
5,Burnley,20,1809.5901265872008,1.0979483098293747,656.4399956695368,1.061226049498122
6,Chelsea,20,4163.9735227745605,0.9178987502569648,1131.3374684524683,0.9496748378506894
7,Crystal Palace,20,2639.795140835281,0.950770070383656,1151.0512700087277,1.0741267002489483
8,Everton,20,3244.950465905785,0.9399359081354725,850.9707562463366,0.783020190539726
9,Fulham,20,2445.7243359624863,1.022285151720422,1020.4067047751516,1.030782509095768
10,Liverpool,20,3902.7016589998775,0.8090437513613173,998.2425748020886,0.6993229322054612
11,Luton,20,2106.5073260014337,1.5289641186566838,359.0695003137065,1.5309926024956018
12,Manchester City,20,3890.610100045119,0.6106585813957155,982.1541378948356,0.7296136930642106
13,Manchester United,20,2888.367607956201,1.1019569214078837,1028.3530309104087,1.1944088916539033
14,Newcastle United,20,4236.820080528863,0.9307679828228196,1291.9139000194004,1.818363122526808
15,Nottingham Forest,20,2353.3285733603225,1.0257831072312755,668.2406672723669,1.0407437450934196
16,Sheffield United,20,1643.0501155000538,1.3769594223326396,663.7646749080945,1.2738872551542637
17,Tottenham,20,3699.19370006287,1.13830499844978,1066.8789541231515,1.4977800318541206
18,West Ham,20,2924.0311973122607,1.1163524956562876,760.6259436306435,0.7826621612597209
19,Wolverhampton Wanderers,20,2709.672632207544,1.1734462060451467,888.9709065997508,1.1974983614915051
0,Arsenal,21,3883.274273718229,0.6071321292743548,1372.4575804232122,0.6520656471022783
1,Aston Villa,21,3831.3876701769705,0.8463677434123635,1183.4472919063612,0.7510808914101479
2,Bournemouth,21,3121.353914010811,1.008205100451132,861.4539681750032,0.5553358991673377
3,Brentford,21,3420.115615285314,0.8224224033939129,656.0711387513533,0.7015082472157851
4,Brighton,21,3574.8897867446417,1.0191336886019058,1216.3308455326414,0.9711488046979307
5,Burnley,21,1941.588019026836,1.1152138508219074,617.7667575096234,1.1951415525377742
6,Chelsea,21,4300.355058105076,0.985405238046186,1186.775041983307,1.425908162245649
7,Crystal Palace,21,2836.9855032428,0.9413020926783782,1238.2532023420358,1.1117012162185196
8,Everton,21,3276.114526599303,0.9719422816113412,781.2091591884398,0.9430957991730442
9,Fulham,21,2716.251043515407,1.0101411687585542,969.2969455594584,0.929519436668611
10,Liverpool,21,4555.408431433521,0.7862081779807236,1076.5873207366644,0.623563368870869
11,Luton,21,2373.967099084707,1.4946817098970988,525.5345481324565,1.1553471065382304
12,Manchester City,21,4042.3795362666674,0.5919377025185926,1009.8516186488564,0.6440309126837451
13,Manchester United,21,2935.769901451352,1.0770226887264234,889.7153470566828,1.0722004370151006
14,Newcastle United,21,4361.794696766731,1.031273308674407,1244.461058402754,2.238018837904693
15,Nottingham Forest,21,2396.2034825078663,0.986661612754418,613.1670555528374,1.0703765026706056
16,Sheffield United,21,1694.138933730312,1.3623787432392744,724.710339621635,1.0025443752559884
17,Tottenham,21,3864.94466212946,1.1330605065628814,1299.0071825002146,1.374676946779435
18,West Ham,21,3017.233498281127,1.1056967483567854,817.6110856780339,0.8724572586915604
19,Wolverhampton Wanderers,21,2963.595414887287,1.1203423382541602,925.8601488703232,1.061800803219326
0,Arsenal,22,4242.267564189309,0.592363242968992,1327.6820029919256,0.6411955888912162
1,Aston Villa,22,3970.8713758054064,0.838436480383563,943.498601757803,0.809508234156419
2,Bournemouth,22,3223.7412174674705,0.9909759978705454,833.0856260583563,0.6343544165396869
3,Brentford,22,3627.3424105829617,0.833383470438885,712.8999577066198,0.7554013079509162
4,Brighton,22,3697.1507222727128,1.0055675040586671,1045.4259100092934,0.9054762781981088
5,Burnley,22,2039.9076132104333,1.1040577993552303,657.9994738526075,1.3610656429433077
6,Chelsea,22,4507.909671126652,0.9666548763702436,1120.613213354305,0.9778599562069294
7,Crystal Palace,22,2895.927779937936,0.9794931748406808,1127.657588803901,1.1848801416771595
8,Everton,22,3401.9888309574903,0.9598580949063488,845.392083060332,0.9831681072272576
9,Fulham,22,2791.762301433572,1.0069520194121,662.0068138183112,1.0578260417477323
10,Liverpool,22,4693.125648089596,0.7755532635309128,1182.7815484955784,0.6446478111496006
11,Luton,22,2461.209278955665,1.4885725979658817,628.3718108938652,1.1623432599714278
12,Manchester City,22,4282.01868170815,0.59157277096199,960.0870371081156,0.5305421867010509
13,Manchester United,22,3028.079000150805,1.056011646167685,613.9650091416822,0.961975226947013
14,Newcastle United,22,4569.883836883801,1.047490272748884,1290.0910179780233,1.942794325180191
15,Nottingham Forest,22,2544.32197971847,0.9988763230977616,780.7921856516116,1.057075930654266
16,Sheffield United,22,1917.9805979101,1.3771770154794358,806.704265277667,1.119637515843089
17,Tottenham,22,4000.335775760946,1.1095072095850242,1242.763857079086,1.2864969260501424
18,West Ham,22,3210.421562430373,1.1906663190027178,930.4435754967192,1.2473102934447846
19,Wolverhampton Wanderers,22,3094.373186130023,1.105557782060218,965.7263071878627,0.9804678016712404
0,Arsenal,23,4371.43822571811,0.5823610477175942,1213.375591445933,0.6014678574949517
1,Aston Villa,23,4087.190486555679,0.8550636919995325,940.2487882661584,0.8145687416002478
2,Bournemouth,23,3317.1158985653447,0.9760184871859492,736.80284471866,0.511498426448032
3,Brentford,23,3792.9165893018935,0.8692472498774115,705.4052086746035,0.931934849813599
4,Brighton,23,3781.6079719854615,1.081425337171975,900.2476415965482,1.2147649352450365
5,Burnley,23,2282.67216469136,1.0865367076317547,836.0278021862617,1.1551820136828916
6,Chelsea,23,4555.863125622449,0.9749618717246704,1075.318835753691,0.9700524648731436
7,Crystal Palace,23,2959.407041836015,0.9651497763920812,823.2668487061292,1.2289704920969209
8,Everton,23,3665.62107559692,0.9839517583712112,926.632725214366,1.1828690558690784
9,Fulham,23,3040.821219455669,1.0321907875790683,741.1608245181316,1.239900283838024
10,Liverpool,23,5068.815081678889,0.7438808911016871,1658.6177788114603,0.4902361179302865
11,Luton,23,2788.143568316665,1.439214430914769,839.3519107755258,0.9589139321988626
12,Manchester City,23,4488.164920832489,0.6280501567741537,918.185359624706,0.6226200948065295
13,Manchester United,23,3311.85139592495,1.070244444460855,723.5362929855589,0.8664351740049903
14,Newcastle United,23,4950.2622966195,1.020473718229598,1555.511761830565,1.5008725414084134
15,Nottingham Forest,23,2643.651639243612,0.9696627458838936,803.8726015506138,1.0316184986119123
16,Sheffield United,23,1993.890982520284,1.3399337261055992,847.1173645170769,1.1302072780139842
17,Tottenham,23,4400.848253365892,1.094859859415223,1391.9412051025204,1.4222640120746606
18,West Ham,23,3332.025269171042,1.159261290973764,1073.4255756788684,1.0875415744590111
19,Wolverhampton Wanderers,23,3268.298426071618,1.1422004195841065,1014.7109917472396,1.2818138912442318
0,Arsenal,24,4756.207252431837,0.5721777905329897,1539.198012838287,0.5616465114365884
1,Aston Villa,24,4326.679961917171,0.8910940669938435,1122.8334434035903,0.8878640328937311
2,Bournemouth,24,3414.665496673876,0.949380468530122,880.7027087435291,0.6111950088563534
3,Brentford,24,3941.024274023942,0.8796400431649147,764.1647351773264,1.1083910136034931
4,Brighton,24,3970.821228379597,1.0348213540069713,943.9769984002652,1.042189811185055
5,Burnley,24,2373.9087758337614,1.0749187618175524,864.8509008080714,0.9738150880198684
6,Chelsea,24,4766.162956863468,1.0037326533558426,959.2978642210124,1.1286453757108208
7,Crystal Palace,24,2982.74077801742,0.9658454977283376,569.0039768773433,1.1098423722858464
8,Everton,24,3948.5915925122026,0.957926779140728,1036.3181141579123,1.0494202927415563
9,Fulham,24,3173.424079959554,1.0225002771945992,887.4053814133106,0.994847699828314
10,Liverpool,24,5151.493788643732,0.7729673017982471,1396.2757307829868,0.5629638702180838
11,Luton,24,3048.8545693108986,1.4205158478752289,1000.3564227678436,1.1066377247088557
12,Manchester City,24,4718.613007014595,0.6222096440648244,945.8092837605348,0.521721710165766
13,Manchester United,24,3386.304954814336,1.0545745953711936,641.3151647323012,0.8001554142946702
14,Newcastle United,24,5082.904443834626,1.0677410651520185,1395.5795042705358,1.772619594254405
15,Nottingham Forest,24,2688.874226365224,0.964031801140304,695.3297569249817,0.9959445524098524
16,Sheffield United,24,2176.826659902343,1.3567212033070597,932.7498800472206,1.097910162614956
17,Tottenham,24,4493.949696432377,1.1280730501854042,1255.710590871278,1.445953725668999
18,West Ham,24,3450.767603064647,1.130893330621805,1151.1361422346504,1.0832600933771386
19,Wolverhampton Wanderers,24,3536.25786816602,1.142003776085914,1192.2664333020662,1.4667241458948204
0,Arsenal,25,5085.848277268819,0.5536464765753636,1749.699552873395,0.5307159737425592
1,Aston Villa,25,4587.674696566691,0.921399319874282,1301.509771290474,1.0756242572950638
2,Bournemouth,25,3667.918223276854,0.9627950279171468,890.2476378027123,0.6729187345107814
3,Brentford,25,4118.165003325454,0.8731816521061805,1024.5534074489535,1.277267228124246
4,Brighton,25,4098.634532290114,1.0362171055473222,961.6436575216854,0.909992552188203
5,Burnley,25,2519.502119455756,1.0877709708980037,946.722743211908,0.9079816790606404
6,Chelsea,25,4915.60302323501,0.9809392023811052,950.1068454494344,1.1312717752538832
7,Crystal Palace,25,3069.5112257547207,0.949326612876368,455.407632913604,1.0271004004303734
8,Everton,25,3968.7045081137016,0.9439930017670662,870.1495087121386,0.9964421310411552
9,Fulham,25,3386.538343098209,1.053723531928639,1037.4732598487476,1.2680854634307404
10,Liverpool,25,5452.47061764489,0.7833677186971986,1584.764091001562,0.5944324722159254
11,Luton,25,3193.807185587219,1.4472515090198428,1112.9708646089357,1.182359130198536
12,Manchester City,25,4882.276841113491,0.6005870253803958,1103.6378099624565,0.5243633178405341
13,Manchester United,25,3682.1110666193,1.071896393128687,836.4243113621877,0.8971536026678681
14,Newcastle United,25,5119.739931556843,1.0559353166475365,1354.5186197841203,1.672787162645316
15,Nottingham Forest,25,2790.56240065882,0.9274001644706928,609.1749585046143,0.7244533209200803
16,Sheffield United,25,2304.8426282689315,1.3589043602924038,973.3469039138342,1.1573557873197082
17,Tottenham,25,4697.988978089908,1.1180727189703374,1280.8086777099106,1.3737250846027205
18,West Ham,25,3499.2327032026533,1.1548657743144002,981.1193900732494,1.123665529780411
19,Wolverhampton Wanderers,25,3668.514594868583,1.1345689571446598,1095.799151944448,1.2699688605037405
0,Arsenal,26,5280.767352174753,0.537690316270862,1643.3324629668823,0.3864513802282234
1,Aston Villa,26,4753.911754192127,0.9169661662492936,1264.0171782634643,1.1692176443319378
2,Bournemouth,26,3878.208315148972,0.9571857492204816,959.807412850681,0.8776137996208463
3,Brentford,26,4443.662679282769,0.929303495559344,1230.3393065343937,1.4107372495411536
4,Brighton,26,4326.822236530335,1.0081040202928098,884.0665402076226,0.8132587655365511
5,Burnley,26,2563.461884563967,1.0667940853521625,736.1617302064741,0.8194059452835636
6,Chelsea,26,5197.225113714376,0.97331779585915,955.524708326614,0.9770804114007742
7,Crystal Palace,26,3139.224287585578,0.9584712547503662,452.9650272429472,1.050502457108734
8,Everton,26,4222.456513604348,0.9186839946344114,958.67765520543,0.8811902872769948
9,Fulham,26,3565.136173937609,1.0297602310475642,1213.783750923471,1.1429604113435032
10,Liverpool,26,6063.891572222484,0.8133387970841615,2104.440235715905,0.7461555053657422
11,Luton,26,3492.068013414153,1.5322898637409597,1484.631576025663,1.5557145975720814
12,Manchester City,26,5449.307757673154,0.6208487142878008,1388.947747949609,0.6802690082777181
13,Manchester United,26,3938.700125155764,1.0639282737396054,1012.3746267994816,0.904312652571136
14,Newcastle United,26,5370.011526540986,1.0423831762727471,1105.1009942917897,1.163385542555014
15,Nottingham Forest,26,3009.1383687092466,0.8921480883412701,640.3787645935091,0.550679188514062
16,Sheffield United,26,2335.960361310501,1.3687194338538935,611.1789366900548,1.4952112844633891
17,Tottenham,26,4840.931876801098,1.1032228170684255,1142.4843407463222,1.0435587585992463
18,West Ham,26,3570.8579301803165,1.1831682175303282,707.0338255212112,1.545391449870591
19,Wolverhampton Wanderers,26,3846.669015207214,1.1051690297053618,1192.1483190496974,1.065019641816508
0,Arsenal,27,5525.913555491006,0.5246356059156143,1732.1317362407628,0.25196752913655884
1,Aston Villa,27,5112.426297153551,0.9652033563655101,1373.0105765634814,1.330700134348446
2,Bournemouth,27,4000.459623724507,0.9631494348437187,875.5288312585909,0.88353698533559
3,Brentford,27,4565.278211831428,0.955925119546899,1084.0210539640132,1.413857715057231
4,Brighton,27,4523.26920292698,0.9853385077835027,1003.6066105365795,0.7986553067698388
5,Burnley,27,2580.1213118208634,1.1063944872529015,651.5606086097864,1.052165119189461
6,Chelsea,27,5204.976840248327,0.9451974085674091,768.7667330967259,0.8492465170111658
7,Crystal Palace,27,3357.3872997701733,0.9353659909717462,632.7041258808742,0.9374042937419258
8,Everton,27,4246.994870137468,0.925421764023612,979.3477889823042,0.8543453367642906
9,Fulham,27,3661.193153066063,1.0521718734119414,903.6577137878626,1.3128947752063334
10,Liverpool,27,6034.784761355468,0.790634082850022,1591.7332353753782,0.7260842533030014
11,Luton,27,3502.3714558027277,1.486726097456117,1242.7134536853684,1.457244167568411
12,Manchester City,27,5638.423250388903,0.627107318841508,1477.8947896603247,0.8444649809083853
13,Manchester United,27,4125.535265154109,1.063175535627807,1025.5496601528612,0.9735218373820076
14,Newcastle United,27,5374.965341903166,1.0603634884419788,981.3655047845283,0.9927117031838664
15,Nottingham Forest,27,3259.0712770646815,0.935538290139253,864.3494474523155,0.7715472850491161
16,Sheffield United,27,2398.6339567654854,1.3545697096290923,664.5129984819938,1.320930578928296
17,Tottenham,27,4823.715121310057,1.069508074781967,876.752435145099,0.8901652521292414
18,West Ham,27,3796.422547785252,1.1734195809008874,742.929225840989,1.280272866196949
19,Wolverhampton Wanderers,27,3943.6242097708564,1.0991876945826125,1036.2740645549657,1.2093930562227144
