fixture_id,h,a,date,league_id,season,h_goals,a_goals,team_h,team_a,h_xg,a_xg,h_w,h_d,h_l,league,h_shot,a_shot,h_shotOnTarget,a_shotOnTarget,h_deep,a_deep,a_ppda,h_ppda,h_id,a_id,gameweek
26602,89,228,2024-08-16 19:00:00,1,2024,1,0,Manchester United,Fulham,2.04268,0.418711,0.8069,0.1489,0.0442,EPL,14,10,5,2,7,3,10.8333,7.3793,13,8,1
26603,285,87,2024-08-17 11:30:00,1,2024,0,2,Ipswich,Liverpool,0.342601,3.92906,0.0026,0.018,0.9794,EPL,7,19,2,5,2,13,8.7391,18.7778,9,11,1
26604,83,229,2024-08-17 14:00:00,1,2024,2,0,Arsenal,Wolverhampton Wanderers,1.6283,0.575835,0.6528,0.231,0.1162,EPL,18,9,6,3,14,2,10.8182,7.7692,0,19,1
26605,72,220,2024-08-17 14:00:00,1,2024,0,3,Everton,Brighton,0.405325,1.79083,0.0481,0.1635,0.7884,EPL,9,10,1,5,4,5,7.9167,18.3333,7,4,1
26606,86,74,2024-08-17 14:00:00,1,2024,1,0,Newcastle United,Southampton,0.433489,1.95483,0.0378,0.164,0.7982,EPL,3,19,1,5,4,13,3.7895,16.25,14,16,1
26607,249,73,2024-08-17 14:00:00,1,2024,1,1,Nottingham Forest,Bournemouth,1.24405,1.90915,0.1994,0.2537,0.5469,EPL,14,13,8,4,10,4,9.9545,8.6538,15,2,1
26608,81,71,2024-08-17 16:30:00,1,2024,1,2,West Ham,Aston Villa,2.8047,2.6703,0.4123,0.2321,0.3556,EPL,14,15,3,3,5,8,11.3043,9.3333,18,1,1
26609,244,78,2024-08-18 13:00:00,1,2024,2,1,Brentford,Crystal Palace,1.38064,1.14757,0.4248,0.3141,0.2611,EPL,9,14,5,6,1,4,7.7241,12.6667,3,6,1
26610,80,88,2024-08-18 15:30:00,1,2024,0,2,Chelsea,Manchester City,1.06123,1.18038,0.3036,0.3245,0.3719,EPL,10,11,3,5,8,10,15.0588,10.0645,5,12,1
26611,75,82,2024-08-19 19:00:00,1,2024,1,1,Leicester,Tottenham,1.02614,1.40775,0.2541,0.2951,0.4508,EPL,7,15,3,7,2,21,5.4828,20.6875,10,17,1
26612,220,89,2024-08-24 11:30:00,1,2024,2,1,Brighton,Manchester United,2.14153,1.28556,0.601,0.2392,0.1598,EPL,14,11,5,4,10,8,16.7778,12.5,4,13,2
26613,78,81,2024-08-24 14:00:00,1,2024,0,2,Crystal Palace,West Ham,1.3761,1.53421,0.3315,0.2678,0.4007,EPL,14,18,2,3,6,5,13.7273,6.9118,6,18,2
26614,228,75,2024-08-24 14:00:00,1,2024,2,1,Fulham,Leicester,1.96218,0.857005,0.6596,0.215,0.1254,EPL,18,10,6,4,7,1,13.7,10.2581,8,10,2
26615,88,285,2024-08-24 14:00:00,1,2024,4,1,Manchester City,Ipswich,3.07818,0.479999,0.9435,0.0503,0.0062,EPL,14,1,5,1,15,1,17.4118,8.15,12,9,2
26616,74,249,2024-08-24 14:00:00,1,2024,0,1,Southampton,Nottingham Forest,0.214952,2.86475,0.0067,0.0496,0.9437,EPL,5,23,1,8,4,9,18.4783,8.1429,16,15,2
26617,82,72,2024-08-24 14:00:00,1,2024,4,0,Tottenham,Everton,2.61143,0.648869,0.8398,0.1124,0.0478,EPL,13,10,7,1,9,5,12.7241,6.3,17,7,2
26618,71,83,2024-08-24 16:30:00,1,2024,0,2,Aston Villa,Arsenal,1.31664,1.41399,0.3113,0.3023,0.3864,EPL,11,9,3,4,3,10,5.8333,17.2778,1,0,2
26619,229,80,2024-08-25 13:00:00,1,2024,2,6,Wolverhampton Wanderers,Chelsea,2.4181,2.02935,0.4888,0.2228,0.2884,EPL,12,14,4,8,8,6,7.04,14.4286,19,5,2
26620,73,86,2024-08-25 13:00:00,1,2024,1,1,Bournemouth,Newcastle United,2.53513,1.89287,0.5396,0.2334,0.227,EPL,16,14,4,5,8,9,9.0714,9.2,2,14,2
26621,87,244,2024-08-25 15:30:00,1,2024,2,0,Liverpool,Brentford,2.71877,0.457239,0.8893,0.0893,0.0214,EPL,19,8,8,2,21,2,32.4,10.1304,11,3,2
26622,83,220,2024-08-31 11:30:00,1,2024,1,1,Arsenal,Brighton,2.28613,1.76559,0.5079,0.2343,0.2578,EPL,11,22,7,4,6,6,10.2667,9.25,0,4,3
26624,72,73,2024-08-31 14:00:00,1,2024,2,3,Everton,Bournemouth,2.54453,2.23478,0.453,0.2261,0.3209,EPL,18,17,8,7,16,6,6.6364,7.875,7,2,3
26625,285,228,2024-08-31 14:00:00,1,2024,1,1,Ipswich,Fulham,0.699267,1.20587,0.1893,0.3142,0.4965,EPL,11,9,4,4,2,3,11.3,9.5385,9,8,3
26626,75,71,2024-08-31 14:00:00,1,2024,1,2,Leicester,Aston Villa,0.758361,2.14811,0.0703,0.1829,0.7468,EPL,9,10,3,5,3,6,10.0333,6.3143,10,1,3
26627,249,229,2024-08-31 14:00:00,1,2024,1,1,Nottingham Forest,Wolverhampton Wanderers,1.57012,0.943017,0.5177,0.3186,0.1637,EPL,16,11,5,3,10,4,6.5556,7.6667,15,19,3
26623,244,74,2024-08-31 14:00:00,1,2024,3,1,Brentford,Southampton,3.80725,1.58904,0.843,0.0991,0.0579,EPL,20,18,7,6,15,14,8.2174,14.5714,3,16,3
26628,81,88,2024-08-31 16:30:00,1,2024,1,3,West Ham,Manchester City,0.929923,3.18702,0.0504,0.1002,0.8494,EPL,10,23,2,8,5,20,13.3571,21.5625,18,12,3
26629,86,82,2024-09-01 12:30:00,1,2024,2,1,Newcastle United,Tottenham,1.58694,1.63304,0.3511,0.2787,0.3702,EPL,9,20,3,6,5,9,4.3103,8.7619,14,17,3
26630,80,78,2024-09-01 12:30:00,1,2024,1,1,Chelsea,Crystal Palace,2.9782,0.45345,0.9465,0.0429,0.0106,EPL,13,9,7,3,2,6,20.8333,11.3889,5,6,3
26631,89,87,2024-09-01 15:00:00,1,2024,0,3,Manchester United,Liverpool,1.50087,2.10397,0.236,0.2485,0.5155,EPL,8,11,3,3,6,9,11.6923,12.5,13,11,3
26632,74,89,2024-09-14 11:30:00,1,2024,0,3,Southampton,Manchester United,1.35593,3.02693,0.0634,0.1533,0.7833,EPL,6,20,4,10,3,17,10.3448,10.8571,16,13,4
26637,88,244,2024-09-14 14:00:00,1,2024,2,1,Manchester City,Brentford,1.55279,1.05094,0.4771,0.2847,0.2382,EPL,18,8,7,5,22,6,24.25,16.3684,12,3,4
26635,87,249,2024-09-14 14:00:00,1,2024,0,1,Liverpool,Nottingham Forest,1.17044,0.589532,0.5221,0.3244,0.1535,EPL,14,5,5,3,6,4,17.0556,3.7333,11,15,4
26636,78,75,2024-09-14 14:00:00,1,2024,2,2,Crystal Palace,Leicester,2.88716,1.65187,0.6779,0.1869,0.1352,EPL,20,9,4,4,15,7,14.3182,4.9118,6,10,4
26633,220,285,2024-09-14 14:00:00,1,2024,0,0,Brighton,Ipswich,1.75696,0.721323,0.6638,0.2448,0.0914,EPL,21,6,6,1,12,1,14.7273,3.8421,4,9,4
26634,228,81,2024-09-14 14:00:00,1,2024,1,1,Fulham,West Ham,2.88601,0.682719,0.8681,0.0971,0.0348,EPL,21,11,5,3,6,4,6.871,4.6857,8,18,4
26638,71,72,2024-09-14 16:30:00,1,2024,3,2,Aston Villa,Everton,3.15876,0.852158,0.8919,0.0838,0.0243,EPL,17,6,8,2,9,3,16.3333,5.2609,1,7,4
26639,73,80,2024-09-14 19:00:00,1,2024,0,1,Bournemouth,Chelsea,1.53731,0.932726,0.5298,0.2902,0.18,EPL,19,10,7,3,5,9,9.5,11.2667,2,5,4
26640,82,83,2024-09-15 13:00:00,1,2024,0,1,Tottenham,Arsenal,0.792595,1.1209,0.234,0.3157,0.4503,EPL,15,7,5,4,10,3,13.5882,5.88,17,0,4
26641,229,86,2024-09-15 15:30:00,1,2024,1,2,Wolverhampton Wanderers,Newcastle United,1.46969,1.48343,0.3576,0.2692,0.3732,EPL,12,14,5,6,6,10,12.3684,9.5769,19,14,4
26642,81,80,2024-09-21 11:30:00,1,2024,0,3,West Ham,Chelsea,0.758267,2.39727,0.0778,0.15,0.7722,EPL,15,12,7,5,12,9,16.2941,9.7097,18,5,5
26645,87,73,2024-09-21 14:00:00,1,2024,3,0,Liverpool,Bournemouth,2.43731,1.46979,0.597,0.2063,0.1967,EPL,19,19,13,6,13,6,16.087,11.85,11,2,5
26643,74,285,2024-09-21 14:00:00,1,2024,1,1,Southampton,Ipswich,2.89813,1.645,0.6951,0.1778,0.1271,EPL,11,13,3,6,7,5,9.2353,8.8,16,9,5
26644,75,72,2024-09-21 14:00:00,1,2024,1,1,Leicester,Everton,1.33793,1.82377,0.2591,0.2621,0.4788,EPL,12,16,2,5,8,6,19.3077,8.4211,10,7,5
26646,228,86,2024-09-21 14:00:00,1,2024,3,1,Fulham,Newcastle United,3.21141,1.09768,0.8274,0.1124,0.0602,EPL,22,15,11,4,7,3,11.4615,13.037,8,14,5
26647,71,229,2024-09-21 14:00:00,1,2024,3,1,Aston Villa,Wolverhampton Wanderers,2.37351,0.520117,0.8449,0.1134,0.0417,EPL,9,10,4,4,9,4,13.5,11.8,1,19,5
26648,82,244,2024-09-21 14:00:00,1,2024,3,1,Tottenham,Brentford,3.89481,0.893565,0.9397,0.0464,0.0139,EPL,23,6,10,6,17,5,9.1053,9.1875,17,3,5
26649,78,89,2024-09-21 16:30:00,1,2024,0,0,Crystal Palace,Manchester United,1.66928,2.35056,0.2248,0.2317,0.5435,EPL,9,15,4,6,5,12,6.1111,18.3333,6,13,5
26650,220,249,2024-09-22 13:00:00,1,2024,2,2,Brighton,Nottingham Forest,1.56836,1.36923,0.3886,0.31,0.3014,EPL,14,4,3,3,4,3,22.75,5.3043,4,15,5
26651,88,83,2024-09-22 15:30:00,1,2024,2,2,Manchester City,Arsenal,2.75588,1.28411,0.72,0.1782,0.1018,EPL,33,5,11,3,13,1,13.0714,8.3571,12,0,5
26652,86,88,2024-09-28 11:30:00,1,2024,1,1,Newcastle United,Manchester City,1.34344,1.26516,0.3867,0.2946,0.3187,EPL,11,16,4,6,7,16,6.3077,12.0952,14,12,6
26654,72,78,2024-09-28 14:00:00,1,2024,2,1,Everton,Crystal Palace,1.10959,1.12358,0.3388,0.3145,0.3467,EPL,8,17,2,5,6,8,9.3333,12.5,7,6,6
26653,249,228,2024-09-28 14:00:00,1,2024,0,1,Nottingham Forest,Fulham,0.614351,1.43592,0.1181,0.2591,0.6228,EPL,11,14,1,2,8,4,8.2632,20.0714,15,8,6
26655,83,75,2024-09-28 14:00:00,1,2024,4,2,Arsenal,Leicester,6.05305,0.337909,0.9988,0.0009,0.0003,EPL,36,5,16,3,21,4,29.4444,4.6333,0,10,6
26657,80,220,2024-09-28 14:00:00,1,2024,4,2,Chelsea,Brighton,3.65839,1.20712,0.8777,0.0846,0.0377,EPL,15,15,7,5,10,7,8.1379,25.2308,5,4,6
26656,244,81,2024-09-28 14:00:00,1,2024,1,1,Brentford,West Ham,0.370222,0.878617,0.1512,0.3899,0.4589,EPL,8,19,3,3,7,12,27.7,10.0556,3,18,6
26658,229,87,2024-09-28 16:30:00,1,2024,1,2,Wolverhampton Wanderers,Liverpool,0.748925,2.11724,0.0583,0.1722,0.7695,EPL,7,10,3,6,2,11,14.7778,14.0,19,11,6
26659,285,71,2024-09-29 13:00:00,1,2024,2,2,Ipswich,Aston Villa,1.84608,1.14494,0.5579,0.2508,0.1913,EPL,15,7,5,3,6,5,11.9091,16.5625,9,1,6
26660,89,82,2024-09-29 15:30:00,1,2024,0,3,Manchester United,Tottenham,0.600721,5.4072,0.0007,0.0037,0.9956,EPL,11,24,2,10,6,15,12.1765,14.6296,13,17,6
26661,73,74,2024-09-30 19:00:00,1,2024,3,1,Bournemouth,Southampton,1.44215,0.696068,0.5743,0.2732,0.1525,EPL,14,9,6,3,7,7,11.75,11.5938,2,16,6
26662,78,87,2024-10-05 11:30:00,1,2024,0,1,Crystal Palace,Liverpool,0.609481,2.07332,0.0716,0.1652,0.7632,EPL,9,16,5,4,3,11,5.5556,23.9375,6,11,7
26666,83,74,2024-10-05 14:00:00,1,2024,3,1,Arsenal,Southampton,3.25165,1.27313,0.8063,0.1259,0.0678,EPL,29,8,6,2,14,3,15.4375,8.1034,0,16,7
26663,75,73,2024-10-05 14:00:00,1,2024,1,0,Leicester,Bournemouth,0.912063,1.94963,0.1209,0.225,0.6541,EPL,6,17,2,2,2,7,8.5,13.4,10,2,7
26664,88,228,2024-10-05 14:00:00,1,2024,3,2,Manchester City,Fulham,1.36684,2.75846,0.1266,0.1656,0.7078,EPL,20,11,7,4,8,11,22.1429,14.4,12,8,7
26665,81,285,2024-10-05 14:00:00,1,2024,4,1,West Ham,Ipswich,4.39402,1.18463,0.9499,0.0394,0.0107,EPL,23,9,13,2,6,6,14.6522,16.2667,18,9,7
26667,244,229,2024-10-05 14:00:00,1,2024,5,3,Brentford,Wolverhampton Wanderers,4.13513,0.696254,0.9617,0.03,0.0083,EPL,19,17,12,6,9,10,8.95,11.8333,3,19,7
26669,72,86,2024-10-05 16:30:00,1,2024,0,0,Everton,Newcastle United,0.692214,1.79048,0.0811,0.2469,0.672,EPL,8,14,2,3,3,11,5.8571,15.7692,7,14,7
26668,80,249,2024-10-06 13:00:00,1,2024,1,1,Chelsea,Nottingham Forest,2.27752,1.66654,0.5362,0.2216,0.2422,EPL,22,16,8,9,13,5,15.8824,5.8696,5,15,7
26670,71,89,2024-10-06 13:00:00,1,2024,0,0,Aston Villa,Manchester United,0.532809,0.448537,0.2909,0.4681,0.241,EPL,11,10,1,4,9,1,13.8824,14.2143,1,13,7
26671,220,82,2024-10-06 15:30:00,1,2024,3,2,Brighton,Tottenham,1.97217,1.09279,0.6114,0.2216,0.167,EPL,11,13,4,3,4,10,12.875,12.4286,4,17,7
26672,82,81,2024-10-19 11:30:00,1,2024,4,1,Tottenham,West Ham,1.44052,0.858803,0.5079,0.2755,0.2166,EPL,22,11,7,4,11,6,8.6667,6.1563,17,18,8
26673,228,71,2024-10-19 14:00:00,1,2024,1,3,Fulham,Aston Villa,2.63074,1.43595,0.6895,0.1842,0.1263,EPL,10,14,4,5,3,9,16.8,12.35,8,1,8
26674,285,72,2024-10-19 14:00:00,1,2024,0,2,Ipswich,Everton,1.174,1.60804,0.2478,0.2698,0.4824,EPL,13,11,2,8,3,9,15.8947,11.4286,9,7,8
26675,89,244,2024-10-19 14:00:00,1,2024,2,1,Manchester United,Brentford,1.76555,0.892843,0.5945,0.2395,0.166,EPL,23,8,11,2,12,3,16.2353,16.1053,13,3,8
26676,86,220,2024-10-19 14:00:00,1,2024,0,1,Newcastle United,Brighton,1.93657,1.6779,0.4377,0.2411,0.3212,EPL,21,10,6,5,14,6,16.5294,5.8684,14,4,8
26678,74,75,2024-10-19 14:00:00,1,2024,2,3,Southampton,Leicester,2.42776,2.83826,0.2806,0.241,0.4784,EPL,14,18,7,4,8,11,6.6333,16.0,16,10,8
26680,73,83,2024-10-19 16:30:00,1,2024,2,0,Bournemouth,Arsenal,2.18419,0.740758,0.762,0.1786,0.0594,EPL,13,6,4,1,7,4,8.9,11.7619,2,0,8
26681,229,88,2024-10-20 13:00:00,1,2024,1,2,Wolverhampton Wanderers,Manchester City,0.761217,1.36569,0.2016,0.2881,0.5103,EPL,3,22,2,7,0,25,5.9474,26.5714,19,12,8
26679,87,80,2024-10-20 15:30:00,1,2024,2,1,Liverpool,Chelsea,2.22517,1.33904,0.6225,0.2262,0.1513,EPL,8,12,5,2,2,6,15.9375,12.8,11,5,8
26677,249,78,2024-10-21 19:00:00,1,2024,1,0,Nottingham Forest,Crystal Palace,1.88573,0.835001,0.6418,0.2131,0.1451,EPL,20,20,6,7,9,5,8.6667,14.5882,15,6,8
26682,75,249,2024-10-25 19:00:00,1,2024,1,3,Leicester,Nottingham Forest,0.832415,2.54488,0.0468,0.1406,0.8126,EPL,11,20,1,5,8,6,14.1905,5.1304,10,15,9
26686,220,229,2024-10-26 14:00:00,1,2024,2,2,Brighton,Wolverhampton Wanderers,1.51347,1.11074,0.4662,0.2703,0.2635,EPL,19,14,6,7,12,3,11.2727,9.9643,4,19,9
26685,244,285,2024-10-26 14:00:00,1,2024,4,3,Brentford,Ipswich,4.09663,1.65698,0.8503,0.0898,0.0599,EPL,20,11,9,5,9,6,18.6316,7.9333,3,9,9
26684,71,73,2024-10-26 14:00:00,1,2024,1,1,Aston Villa,Bournemouth,1.974,0.328651,0.8162,0.1422,0.0416,EPL,18,11,8,3,16,6,8.8077,10.3333,1,2,9
26683,88,74,2024-10-26 14:00:00,1,2024,1,0,Manchester City,Southampton,3.16286,0.369989,0.9467,0.0452,0.0081,EPL,22,5,8,2,12,6,15.9091,11.8,12,16,9
26687,72,228,2024-10-26 16:30:00,1,2024,1,1,Everton,Fulham,0.884845,1.49531,0.1867,0.2839,0.5294,EPL,10,14,5,3,7,7,10.95,21.1765,7,8,9
26690,81,89,2024-10-27 14:00:00,1,2024,2,1,West Ham,Manchester United,2.99312,2.62598,0.4816,0.2222,0.2962,EPL,12,18,3,5,7,7,10.2857,21.0769,18,13,9
26689,78,82,2024-10-27 14:00:00,1,2024,1,0,Crystal Palace,Tottenham,0.978611,1.0192,0.3194,0.3264,0.3542,EPL,14,11,6,3,7,7,4.625,6.9512,6,17,9
26688,80,86,2024-10-27 14:00:00,1,2024,2,1,Chelsea,Newcastle United,1.61794,1.74225,0.317,0.2757,0.4073,EPL,17,11,7,3,5,11,9.08,9.1379,5,14,9
26691,83,87,2024-10-27 16:30:00,1,2024,2,2,Arsenal,Liverpool,1.0883,1.35346,0.2606,0.3127,0.4267,EPL,9,9,3,4,6,8,8.2727,8.0714,0,11,9
26694,86,83,2024-11-02 12:30:00,1,2024,1,0,Newcastle United,Arsenal,0.859715,0.911305,0.3122,0.3446,0.3432,EPL,9,10,4,1,9,9,5.24,13.2105,14,0,10
26695,285,75,2024-11-02 15:00:00,1,2024,1,1,Ipswich,Leicester,1.33617,2.33858,0.162,0.2044,0.6336,EPL,14,20,2,6,4,10,10.6154,11.3182,9,10,10
26692,73,88,2024-11-02 15:00:00,1,2024,2,1,Bournemouth,Manchester City,2.4493,2.3527,0.4071,0.2358,0.3571,EPL,12,19,6,4,6,17,13.0,15.05,2,12,10
26696,87,220,2024-11-02 15:00:00,1,2024,2,1,Liverpool,Brighton,1.81037,1.01568,0.5793,0.2344,0.1863,EPL,16,13,8,5,10,5,8.0588,10.4643,11,4,10
26698,249,81,2024-11-02 15:00:00,1,2024,3,0,Nottingham Forest,West Ham,2.35011,0.132317,0.9176,0.0732,0.0092,EPL,19,4,6,2,11,2,13.0667,14.1875,15,18,10
26699,74,72,2024-11-02 15:00:00,1,2024,1,0,Southampton,Everton,0.540345,1.78581,0.0769,0.2034,0.7197,EPL,9,16,2,5,6,4,15.0,9.2353,16,7,10
26701,229,78,2024-11-02 17:30:00,1,2024,2,2,Wolverhampton Wanderers,Crystal Palace,1.65018,2.64849,0.1625,0.2097,0.6278,EPL,11,19,6,7,6,2,12.9565,6.1034,19,6,10
26700,82,71,2024-11-03 14:00:00,1,2024,4,1,Tottenham,Aston Villa,2.09751,2.48749,0.268,0.2601,0.4719,EPL,16,12,6,1,11,3,10.4706,5.4419,17,1,10
26697,89,80,2024-11-03 16:30:00,1,2024,1,1,Manchester United,Chelsea,2.1605,1.21071,0.6277,0.2289,0.1434,EPL,11,12,4,3,4,8,10.2083,8.1515,13,5,10
26693,228,244,2024-11-04 20:00:00,1,2024,2,1,Fulham,Brentford,1.43017,0.739231,0.5292,0.2933,0.1775,EPL,26,5,12,2,13,2,12.3333,6.0,8,3,10
26711,229,74,2024-11-09 15:00:00,1,2024,2,0,Wolverhampton Wanderers,Southampton,0.912781,0.792655,0.3679,0.3593,0.2728,EPL,8,9,4,0,7,6,5.8148,25.4375,19,16,11
26710,81,72,2024-11-09 15:00:00,1,2024,0,0,West Ham,Everton,1.1237,0.865983,0.4316,0.3045,0.2639,EPL,11,18,6,4,8,7,11.1111,10.1429,18,7,11
26706,78,228,2024-11-09 15:00:00,1,2024,0,2,Crystal Palace,Fulham,1.96037,2.25331,0.3182,0.233,0.4488,EPL,13,17,5,7,4,7,6.5385,13.6154,6,8,11
26702,244,73,2024-11-09 15:00:00,1,2024,3,2,Brentford,Bournemouth,1.56474,2.49234,0.1761,0.2142,0.6097,EPL,12,15,6,3,14,6,8.7826,9.0,3,2,11
26703,220,88,2024-11-09 17:30:00,1,2024,2,1,Brighton,Manchester City,2.87116,2.60334,0.4425,0.2309,0.3266,EPL,10,15,4,6,5,4,17.4706,13.5667,4,12,11
26707,87,71,2024-11-09 20:00:00,1,2024,2,0,Liverpool,Aston Villa,2.68196,1.66337,0.6245,0.2004,0.1751,EPL,14,12,5,2,7,4,17.6818,8.6154,11,1,11
26704,249,86,2024-11-10 14:00:00,1,2024,1,3,Nottingham Forest,Newcastle United,1.17852,1.86904,0.1929,0.2586,0.5485,EPL,9,17,3,6,4,10,13.8333,10.6957,15,14,11
26708,89,75,2024-11-10 14:00:00,1,2024,3,0,Manchester United,Leicester,1.2369,0.417295,0.5982,0.2945,0.1073,EPL,13,6,3,5,2,5,14.6,10.1429,13,10,11
26709,82,285,2024-11-10 14:00:00,1,2024,1,2,Tottenham,Ipswich,1.75088,2.18392,0.2526,0.2562,0.4912,EPL,17,8,5,3,10,6,9.3548,6.6316,17,9,11
26705,80,83,2024-11-10 16:30:00,1,2024,1,1,Chelsea,Arsenal,1.24067,1.9605,0.2027,0.2425,0.5548,EPL,17,13,3,3,6,6,10.2609,16.5,5,0,11
26719,75,80,2024-11-23 12:30:00,1,2024,1,2,Leicester,Chelsea,0.967987,2.81658,0.0341,0.1172,0.8487,EPL,4,16,1,7,3,13,8.3478,13.2917,10,5,12
26717,228,229,2024-11-23 15:00:00,1,2024,1,4,Fulham,Wolverhampton Wanderers,0.717158,1.33903,0.173,0.3006,0.5264,EPL,10,10,3,5,6,8,14.3684,6.6111,8,19,12
26716,71,78,2024-11-23 15:00:00,1,2024,2,2,Aston Villa,Crystal Palace,3.04455,1.61437,0.7188,0.1649,0.1163,EPL,17,13,5,6,11,2,15.8182,7.4,1,6,12
26715,72,244,2024-11-23 15:00:00,1,2024,0,0,Everton,Brentford,1.5951,1.34314,0.4084,0.2773,0.3143,EPL,27,9,5,2,8,1,7.9565,14.8667,7,3,12
26712,73,220,2024-11-23 15:00:00,1,2024,1,2,Bournemouth,Brighton,1.91157,1.23059,0.5236,0.2614,0.215,EPL,18,6,5,4,11,5,13.0,7.4194,2,4,12
26714,83,249,2024-11-23 15:00:00,1,2024,3,0,Arsenal,Nottingham Forest,1.66016,0.403136,0.7179,0.2107,0.0714,EPL,19,7,7,0,19,0,21.6471,10.5333,0,15,12
26720,88,82,2024-11-23 17:30:00,1,2024,0,4,Manchester City,Tottenham,2.15899,3.30449,0.167,0.1774,0.6556,EPL,23,9,5,7,14,8,28.3,6.6216,12,17,12
26721,74,87,2024-11-24 14:00:00,1,2024,2,3,Southampton,Liverpool,1.53985,3.18835,0.0739,0.155,0.7711,EPL,7,27,5,11,6,13,8.2857,24.0,16,11,12
26718,285,89,2024-11-24 16:30:00,1,2024,1,1,Ipswich,Manchester United,1.98714,1.26912,0.5708,0.244,0.1852,EPL,11,11,6,4,4,5,12.0,21.1364,9,13,12
26713,86,81,2024-11-25 20:00:00,1,2024,0,2,Newcastle United,West Ham,1.49781,0.942824,0.5237,0.2649,0.2114,EPL,18,15,2,6,6,5,14.1111,9.4483,14,18,12
26723,220,74,2024-11-29 20:00:00,1,2024,1,1,Brighton,Southampton,1.86986,0.934969,0.6061,0.2296,0.1643,EPL,22,10,5,2,16,4,12.0455,8.5882,4,16,13
26731,229,73,2024-11-30 15:00:00,1,2024,2,4,Wolverhampton Wanderers,Bournemouth,0.866034,3.07901,0.0264,0.0766,0.897,EPL,10,12,3,8,8,4,10.7407,11.3125,19,2,13
26728,249,285,2024-11-30 15:00:00,1,2024,1,0,Nottingham Forest,Ipswich,1.76587,0.462771,0.7632,0.18,0.0568,EPL,12,7,5,3,3,5,7.7222,12.875,15,9,13
26722,244,75,2024-11-30 15:00:00,1,2024,4,1,Brentford,Leicester,2.21885,0.907555,0.7088,0.1969,0.0943,EPL,13,7,6,3,7,3,14.4211,7.6071,3,10,13
26725,78,86,2024-11-30 15:00:00,1,2024,1,1,Crystal Palace,Newcastle United,2.29595,0.020989,0.9419,0.0569,0.0012,EPL,16,1,4,0,11,2,9.5,8.8519,6,14,13
26730,81,83,2024-11-30 17:30:00,1,2024,2,5,West Ham,Arsenal,1.23539,3.99935,0.0221,0.0602,0.9177,EPL,12,16,5,7,3,6,12.0,13.8333,18,0,13
26727,89,72,2024-12-01 13:30:00,1,2024,4,0,Manchester United,Everton,1.76161,0.766749,0.6464,0.2311,0.1225,EPL,11,8,5,2,10,3,17.0741,11.4583,13,7,13
26724,80,71,2024-12-01 13:30:00,1,2024,3,0,Chelsea,Aston Villa,1.94939,0.875443,0.6442,0.2183,0.1375,EPL,17,10,8,4,4,4,39.6,8.1,5,1,13
26729,82,228,2024-12-01 13:30:00,1,2024,1,1,Tottenham,Fulham,1.01086,1.57274,0.2101,0.279,0.5109,EPL,8,14,3,6,7,7,11.3478,19.3077,17,8,13
26726,87,88,2024-12-01 16:00:00,1,2024,2,0,Liverpool,Manchester City,3.70054,0.745015,0.9556,0.0348,0.0096,EPL,18,8,7,2,8,4,15.6875,17.3529,11,12,13
26737,285,78,2024-12-03 19:30:00,1,2024,0,1,Ipswich,Crystal Palace,0.471708,1.65422,0.0817,0.2191,0.6992,EPL,9,13,2,3,2,6,13.5652,10.9565,9,6,14
26738,75,81,2024-12-03 20:15:00,1,2024,3,1,Leicester,West Ham,2.78061,2.87716,0.3889,0.1982,0.4129,EPL,8,31,6,10,4,14,12.7778,10.069,10,18,14
26739,88,249,2024-12-04 19:30:00,1,2024,3,0,Manchester City,Nottingham Forest,3.20169,0.802155,0.8848,0.0839,0.0313,EPL,17,12,7,3,10,7,10.7037,7.8667,12,15,14
26741,74,80,2024-12-04 19:30:00,1,2024,1,5,Southampton,Chelsea,1.91014,5.8331,0.0093,0.0242,0.9665,EPL,6,26,4,13,6,18,11.0741,33.375,16,5,14
26735,72,229,2024-12-04 19:30:00,1,2024,4,0,Everton,Wolverhampton Wanderers,1.49904,0.847724,0.5314,0.2926,0.176,EPL,13,6,4,2,7,4,7.7083,10.1786,7,19,14
26740,86,87,2024-12-04 19:30:00,1,2024,3,3,Newcastle United,Liverpool,1.52057,2.22766,0.2287,0.224,0.5473,EPL,17,16,6,5,3,9,8.1538,13.5909,14,11,14
26733,83,89,2024-12-04 20:15:00,1,2024,2,0,Arsenal,Manchester United,2.96684,0.256083,0.9711,0.0262,0.0027,EPL,14,5,6,2,8,1,19.4,11.8,0,13,14
26734,71,244,2024-12-04 20:15:00,1,2024,3,1,Aston Villa,Brentford,3.21673,1.13266,0.8304,0.1131,0.0565,EPL,20,9,10,1,11,5,7.2581,11.1053,1,3,14
26736,228,220,2024-12-05 19:30:00,1,2024,3,1,Fulham,Brighton,0.666644,1.09939,0.2013,0.3279,0.4708,EPL,6,13,2,3,3,2,13.6471,18.7059,8,4,14
26732,73,82,2024-12-05 20:15:00,1,2024,1,0,Bournemouth,Tottenham,3.27716,0.623934,0.9101,0.0674,0.0225,EPL,21,12,8,4,10,11,3.5926,7.0645,2,17,14
26742,71,74,2024-12-07 15:00:00,1,2024,1,0,Aston Villa,Southampton,2.51338,0.385832,0.886,0.0919,0.0221,EPL,18,4,5,0,13,7,8.8519,7.8857,1,16,15
26743,244,86,2024-12-07 15:00:00,1,2024,4,2,Brentford,Newcastle United,1.746,1.95645,0.3256,0.2421,0.4323,EPL,11,16,8,3,6,9,12.1333,10.76,3,14,15
26747,78,88,2024-12-07 15:00:00,1,2024,2,2,Crystal Palace,Manchester City,1.21476,1.5846,0.2665,0.2649,0.4686,EPL,12,12,3,4,6,16,8.2273,38.8,6,12,15
26744,89,249,2024-12-07 17:30:00,1,2024,2,3,Manchester United,Nottingham Forest,1.4697,0.651217,0.6066,0.2619,0.1315,EPL,17,11,7,3,7,4,26.3846,3.2083,13,15,15
26749,228,83,2024-12-08 14:00:00,1,2024,1,1,Fulham,Arsenal,0.150988,2.4333,0.0014,0.0264,0.9722,EPL,2,12,2,4,0,12,8.6842,24.3571,8,0,15
26750,285,73,2024-12-08 14:00:00,1,2024,1,2,Ipswich,Bournemouth,1.5668,3.49127,0.0631,0.1127,0.8242,EPL,18,22,5,6,12,12,5.125,9.4,9,2,15
26751,75,220,2024-12-08 14:00:00,1,2024,2,2,Leicester,Brighton,1.42438,1.12184,0.4514,0.2857,0.2629,EPL,10,16,3,7,3,5,12.4231,14.5,10,4,15
26745,82,80,2024-12-08 16:30:00,1,2024,3,4,Tottenham,Chelsea,3.25488,2.57326,0.5345,0.2066,0.2589,EPL,13,17,5,8,8,16,7.9583,9.8571,17,5,15
26746,81,229,2024-12-09 20:00:00,1,2024,2,1,West Ham,Wolverhampton Wanderers,1.19808,1.47567,0.2929,0.2694,0.4377,EPL,19,19,4,5,7,6,8.037,9.0435,18,19,15
26752,87,228,2024-12-14 15:00:00,1,2024,2,2,Liverpool,Fulham,2.09698,1.2862,0.5821,0.2262,0.1917,EPL,16,12,4,3,8,6,38.75,7.7037,11,8,16
26760,86,75,2024-12-14 15:00:00,1,2024,4,0,Newcastle United,Leicester,3.95461,0.186759,0.9912,0.0083,0.0005,EPL,27,4,11,1,21,3,14.8261,11.3684,14,10,16
26758,229,285,2024-12-14 15:00:00,1,2024,1,2,Wolverhampton Wanderers,Ipswich,1.23748,1.73349,0.2239,0.2569,0.5192,EPL,16,10,6,5,11,4,12.3636,11.6087,19,9,16
26755,83,72,2024-12-14 15:00:00,1,2024,0,0,Arsenal,Everton,1.30865,0.132166,0.7239,0.2452,0.0309,EPL,13,2,5,0,12,2,19.7778,5.0476,0,7,16
26761,249,71,2024-12-14 17:30:00,1,2024,2,1,Nottingham Forest,Aston Villa,2.2861,0.389423,0.8602,0.1107,0.0291,EPL,17,8,6,2,5,7,16.9286,17.3125,15,1,16
26756,220,78,2024-12-15 14:00:00,1,2024,1,3,Brighton,Crystal Palace,1.32323,3.00618,0.0853,0.1405,0.7742,EPL,17,13,5,5,9,6,14.1364,4.7568,4,6,16
26753,88,89,2024-12-15 16:30:00,1,2024,1,2,Manchester City,Manchester United,0.638103,2.04662,0.0592,0.1626,0.7782,EPL,10,10,3,3,4,5,7.9286,16.9444,12,13,16
26757,80,244,2024-12-15 19:00:00,1,2024,2,1,Chelsea,Brentford,2.59146,1.65861,0.586,0.2134,0.2006,EPL,26,9,8,4,13,6,14.625,8.7619,5,3,16
26759,74,82,2024-12-15 19:00:00,1,2024,0,5,Southampton,Tottenham,1.27356,3.89322,0.0241,0.0666,0.9093,EPL,9,18,3,9,2,10,10.6667,17.4783,16,17,16
26754,73,81,2024-12-16 20:00:00,1,2024,1,1,Bournemouth,West Ham,2.04842,1.81827,0.4208,0.2448,0.3344,EPL,29,16,9,3,10,6,10.8947,11.4737,2,18,16
26762,71,88,2024-12-21 12:30:00,1,2024,2,1,Aston Villa,Manchester City,2.05988,1.09627,0.625,0.2175,0.1575,EPL,11,12,6,6,7,4,19.6,18.3571,1,12,17
26771,285,86,2024-12-21 15:00:00,1,2024,0,4,Ipswich,Newcastle United,1.06427,3.23386,0.0493,0.1079,0.8428,EPL,10,15,2,7,0,14,12.2632,17.7826,9,14,17
26766,244,249,2024-12-21 15:00:00,1,2024,0,2,Brentford,Nottingham Forest,0.769004,0.964897,0.2696,0.3449,0.3855,EPL,7,10,3,6,11,6,15.2222,4.8621,3,15,17
26767,81,220,2024-12-21 15:00:00,1,2024,1,1,West Ham,Brighton,1.22937,1.34379,0.3078,0.2958,0.3964,EPL,11,12,4,6,6,13,6.1892,9.48,18,4,17
26765,78,83,2024-12-21 17:30:00,1,2024,1,5,Crystal Palace,Arsenal,1.6052,3.05434,0.0889,0.1591,0.752,EPL,15,14,6,6,3,6,12.8333,17.3,6,0,17
26763,228,74,2024-12-22 14:00:00,1,2024,0,0,Fulham,Southampton,1.25255,0.280031,0.6439,0.2824,0.0737,EPL,16,5,5,1,8,3,11.6538,18.3333,8,16,17
26764,72,80,2024-12-22 14:00:00,1,2024,0,0,Everton,Chelsea,1.07081,1.51591,0.2011,0.3143,0.4846,EPL,5,12,4,5,0,2,4.7826,14.4286,7,5,17
26769,89,73,2024-12-22 14:00:00,1,2024,0,3,Manchester United,Bournemouth,2.28533,1.82831,0.4755,0.2552,0.2693,EPL,23,10,7,5,14,3,9.2308,7.3478,13,2,17
26770,75,229,2024-12-22 14:00:00,1,2024,0,3,Leicester,Wolverhampton Wanderers,0.78868,1.13531,0.2316,0.3222,0.4462,EPL,9,8,5,4,3,3,14.5909,11.8519,10,19,17
26768,82,87,2024-12-22 16:30:00,1,2024,3,6,Tottenham,Liverpool,1.20245,5.20214,0.0035,0.0181,0.9784,EPL,9,24,5,12,8,14,11.5517,21.5385,17,11,17
26777,88,72,2024-12-26 12:30:00,1,2024,1,1,Manchester City,Everton,2.51965,0.653289,0.8257,0.1319,0.0424,EPL,24,8,5,3,18,1,28.0909,10.6667,12,7,18
26772,73,78,2024-12-26 15:00:00,1,2024,0,0,Bournemouth,Crystal Palace,1.20189,0.500066,0.5459,0.3067,0.1474,EPL,18,10,4,4,10,8,11.8421,6.4118,2,6,18
26775,80,228,2024-12-26 15:00:00,1,2024,1,2,Chelsea,Fulham,1.55626,1.77929,0.3046,0.2616,0.4338,EPL,12,14,8,7,6,4,17.8824,16.8696,5,8,18
26778,86,71,2024-12-26 15:00:00,1,2024,3,0,Newcastle United,Aston Villa,2.82867,0.225522,0.9441,0.0485,0.0074,EPL,22,4,8,1,20,2,21.7143,6.1071,14,1,18
26779,249,82,2024-12-26 15:00:00,1,2024,1,0,Nottingham Forest,Tottenham,1.30018,1.05758,0.423,0.3077,0.2693,EPL,10,13,3,4,5,9,5.4,23.1538,15,17,18
26780,74,81,2024-12-26 15:00:00,1,2024,0,1,Southampton,West Ham,2.19833,1.90111,0.4419,0.2527,0.3054,EPL,18,16,5,2,9,6,18.8571,7.9655,16,18,18
26781,229,89,2024-12-26 17:30:00,1,2024,2,0,Wolverhampton Wanderers,Manchester United,0.826489,0.358876,0.5212,0.3572,0.1216,EPL,7,11,4,4,4,2,7.4706,10.5238,19,13,18
26776,87,75,2024-12-26 20:00:00,1,2024,3,1,Liverpool,Leicester,1.89935,0.22097,0.8314,0.1415,0.0271,EPL,19,4,7,1,26,0,78.0,5.4848,11,10,18
26774,220,244,2024-12-27 19:30:00,1,2024,0,0,Brighton,Brentford,1.33538,0.961233,0.4464,0.2933,0.2603,EPL,24,8,7,3,21,5,12.6316,8.3478,4,3,18
26773,83,285,2024-12-27 20:15:00,1,2024,1,0,Arsenal,Ipswich,2.16462,0.0783327,0.9234,0.0721,0.0045,EPL,13,3,5,0,12,0,19.4118,6.4286,0,9,18
26788,75,88,2024-12-29 14:30:00,1,2024,0,2,Leicester,Manchester City,1.84208,1.58002,0.4402,0.2635,0.2963,EPL,11,14,4,5,5,9,27.6429,15.3158,10,12,19
26784,78,74,2024-12-29 15:00:00,1,2024,2,1,Crystal Palace,Southampton,3.05417,1.21853,0.808,0.1392,0.0528,EPL,19,7,10,3,10,1,5.6563,7.0286,6,16,19
26785,72,249,2024-12-29 15:00:00,1,2024,0,2,Everton,Nottingham Forest,0.615191,2.02753,0.0727,0.1666,0.7607,EPL,13,11,2,7,8,7,17.0,8.1875,7,15,19
26786,228,73,2024-12-29 15:00:00,1,2024,2,2,Fulham,Bournemouth,0.961566,1.70692,0.1906,0.2453,0.5641,EPL,11,16,6,9,5,10,10.4231,11.9444,8,2,19
26790,82,229,2024-12-29 15:00:00,1,2024,2,2,Tottenham,Wolverhampton Wanderers,2.28433,0.640697,0.8038,0.1449,0.0513,EPL,13,11,3,3,6,6,10.9,11.6842,17,19,19
26791,81,87,2024-12-29 17:15:00,1,2024,0,5,West Ham,Liverpool,0.518279,3.29868,0.0128,0.0578,0.9294,EPL,7,22,0,13,3,16,10.0357,14.1579,18,11,19
26787,285,80,2024-12-30 19:45:00,1,2024,2,0,Ipswich,Chelsea,1.50093,1.60622,0.3269,0.2809,0.3922,EPL,9,20,6,5,4,18,7.5625,22.9375,9,5,19
26782,71,220,2024-12-30 19:45:00,1,2024,2,2,Aston Villa,Brighton,1.87997,0.938042,0.6329,0.2256,0.1415,EPL,20,13,4,4,13,6,8.5938,9.95,1,4,19
26789,89,86,2024-12-30 20:00:00,1,2024,0,2,Manchester United,Newcastle United,1.00073,2.2424,0.1201,0.1881,0.6918,EPL,10,12,1,4,6,5,19.4444,9.8333,13,14,19
26783,244,83,2025-01-01 17:30:00,1,2024,1,3,Brentford,Arsenal,0.272604,1.99848,0.0169,0.0986,0.8845,EPL,5,14,2,5,2,17,17.4118,17.7273,3,0,19
26800,82,86,2025-01-04 12:30:00,1,2024,1,2,Tottenham,Newcastle United,1.00333,2.42963,0.0901,0.1716,0.7383,EPL,13,14,4,4,15,9,7.7308,5.8065,17,14,20
26799,74,244,2025-01-04 15:00:00,1,2024,0,5,Southampton,Brentford,0.249614,5.54874,0.0,0.0018,0.9982,EPL,8,20,1,11,9,15,11.0909,12.8889,16,3,20
26798,88,81,2025-01-04 15:00:00,1,2024,4,1,Manchester City,West Ham,1.97986,1.53286,0.4955,0.241,0.2635,EPL,10,17,7,4,9,7,11.7778,14.6842,12,18,20
26792,73,72,2025-01-04 15:00:00,1,2024,1,0,Bournemouth,Everton,2.61852,0.561015,0.8834,0.0878,0.0288,EPL,19,9,8,0,14,1,10.7222,3.963,2,7,20
26793,71,75,2025-01-04 15:00:00,1,2024,2,1,Aston Villa,Leicester,2.3456,0.81548,0.7996,0.1585,0.0419,EPL,13,4,5,2,9,3,20.8421,9.0345,1,10,20
26795,78,80,2025-01-04 15:00:00,1,2024,1,1,Crystal Palace,Chelsea,1.2766,1.51541,0.299,0.2753,0.4257,EPL,13,15,6,1,6,16,9.2727,19.2941,6,5,20
26794,220,83,2025-01-04 17:30:00,1,2024,1,1,Brighton,Arsenal,1.76513,1.81142,0.3579,0.2825,0.3596,EPL,11,9,4,3,4,8,10.8333,14.7727,4,0,20
26796,228,285,2025-01-05 14:00:00,1,2024,2,2,Fulham,Ipswich,2.65469,1.4434,0.6982,0.1994,0.1024,EPL,15,7,4,3,5,2,13.75,8.1875,8,9,20
26797,87,89,2025-01-05 16:30:00,1,2024,2,2,Liverpool,Manchester United,2.862,1.67469,0.6561,0.1928,0.1511,EPL,19,13,6,4,7,7,7.5556,8.8696,11,13,20
26801,229,249,2025-01-06 20:00:00,1,2024,0,3,Wolverhampton Wanderers,Nottingham Forest,1.90463,2.57227,0.2109,0.2442,0.5449,EPL,13,11,6,3,12,11,18.2,9.55,19,15,20
26809,80,73,2025-01-14 19:30:00,1,2024,2,2,Chelsea,Bournemouth,2.53808,1.14845,0.7303,0.1818,0.0879,EPL,26,7,10,3,12,8,8.9231,9.4211,5,2,21
26808,81,228,2025-01-14 19:30:00,1,2024,3,2,West Ham,Fulham,0.937322,2.83581,0.0454,0.1195,0.8351,EPL,4,21,3,5,2,9,8.6563,17.2941,18,8,21
26803,244,88,2025-01-14 19:30:00,1,2024,2,2,Brentford,Manchester City,2.39088,2.65315,0.344,0.2081,0.4479,EPL,18,21,6,8,14,15,20.1818,14.2143,3,12,21
26807,249,87,2025-01-14 20:00:00,1,2024,1,1,Nottingham Forest,Liverpool,0.5292,2.72291,0.0251,0.0922,0.8827,EPL,6,23,3,7,2,18,6.375,21.5455,15,11,21
26806,75,78,2025-01-15 19:30:00,1,2024,0,2,Leicester,Crystal Palace,2.09904,2.2647,0.332,0.242,0.426,EPL,21,9,4,4,7,7,15.4783,12.2727,10,6,21
26804,72,71,2025-01-15 19:30:00,1,2024,0,1,Everton,Aston Villa,1.23126,1.28522,0.3421,0.2933,0.3646,EPL,10,11,3,3,4,5,14.6,9.6786,7,1,21
26810,86,229,2025-01-15 19:30:00,1,2024,3,0,Newcastle United,Wolverhampton Wanderers,2.13327,1.47433,0.5366,0.2243,0.2391,EPL,17,13,5,7,10,8,14.8333,5.5938,14,19,21
26802,83,82,2025-01-15 20:00:00,1,2024,2,1,Arsenal,Tottenham,2.25501,0.777071,0.7393,0.1752,0.0855,EPL,14,10,4,2,11,0,21.4444,6.1351,0,17,21
26805,285,220,2025-01-16 19:30:00,1,2024,0,2,Ipswich,Brighton,0.268127,1.06343,0.0804,0.3326,0.587,EPL,5,11,3,5,1,9,10.5385,11.5652,9,4,21
26811,89,74,2025-01-16 20:00:00,1,2024,3,1,Manchester United,Southampton,3.10847,1.36705,0.7548,0.145,0.1002,EPL,23,13,9,5,15,1,12.8214,12.4118,13,16,21
26819,86,73,2025-01-18 12:30:00,1,2024,1,4,Newcastle United,Bournemouth,0.837801,2.70174,0.0695,0.1343,0.7962,EPL,13,19,5,10,12,8,6.1471,7.9375,14,2,22
26813,244,87,2025-01-18 15:00:00,1,2024,0,2,Brentford,Liverpool,1.20021,4.16249,0.0249,0.0644,0.9107,EPL,11,37,6,8,8,23,8.16,16.9,3,11,22
26817,75,228,2025-01-18 15:00:00,1,2024,0,2,Leicester,Fulham,0.676934,2.36823,0.0384,0.1352,0.8264,EPL,8,17,4,2,2,10,9.8095,19.0,10,8,22
26821,81,78,2025-01-18 15:00:00,1,2024,0,2,West Ham,Crystal Palace,0.221062,1.62561,0.0243,0.152,0.8237,EPL,7,12,0,7,4,5,12.7407,13.85,18,6,22
26812,83,71,2025-01-18 17:30:00,1,2024,2,2,Arsenal,Aston Villa,1.64458,1.20602,0.4688,0.2781,0.2531,EPL,17,8,5,4,8,1,15.0,6.8182,0,1,22
26815,72,82,2025-01-19 14:00:00,1,2024,3,2,Everton,Tottenham,2.56089,1.35719,0.6673,0.1943,0.1384,EPL,12,11,6,6,6,8,9.0,12.0357,7,17,22
26818,89,220,2025-01-19 14:00:00,1,2024,1,3,Manchester United,Brighton,1.31823,2.17172,0.1466,0.2332,0.6202,EPL,10,6,1,3,8,6,18.8571,8.8667,13,4,22
26820,249,74,2025-01-19 14:00:00,1,2024,3,2,Nottingham Forest,Southampton,2.36419,1.25922,0.7025,0.2129,0.0846,EPL,14,10,5,4,9,2,9.8235,12.8421,15,16,22
26816,285,88,2025-01-19 16:30:00,1,2024,0,6,Ipswich,Manchester City,0.795637,3.20228,0.0313,0.0809,0.8878,EPL,8,17,4,9,3,17,8.8696,39.8,9,12,22
26814,80,229,2025-01-20 20:00:00,1,2024,3,1,Chelsea,Wolverhampton Wanderers,3.14882,1.06726,0.8751,0.0966,0.0283,EPL,19,9,7,4,10,10,16.0455,13.2308,5,19,22
26831,229,83,2025-01-25 15:00:00,1,2024,0,1,Wolverhampton Wanderers,Arsenal,0.514724,0.887358,0.1951,0.3648,0.4401,EPL,9,9,4,3,0,2,7.7333,6.7407,19,0,23
26829,74,86,2025-01-25 15:00:00,1,2024,1,3,Southampton,Newcastle United,0.825621,3.08319,0.0343,0.0917,0.874,EPL,12,17,5,9,2,11,11.1818,13.5556,16,14,23
26827,87,285,2025-01-25 15:00:00,1,2024,4,1,Liverpool,Ipswich,2.16809,0.804707,0.7524,0.1872,0.0604,EPL,16,3,6,3,15,2,11.72,6.5517,11,9,23
26822,73,249,2025-01-25 15:00:00,1,2024,5,0,Bournemouth,Nottingham Forest,2.8254,0.996166,0.8133,0.1202,0.0665,EPL,16,18,10,4,6,12,7.65,7.6667,2,15,23
26824,220,72,2025-01-25 15:00:00,1,2024,0,1,Brighton,Everton,0.64378,0.870883,0.2006,0.3683,0.4311,EPL,16,3,1,1,9,2,16.6842,6.6923,4,7,23
26828,88,80,2025-01-25 17:30:00,1,2024,3,1,Manchester City,Chelsea,2.23213,1.49843,0.5598,0.2262,0.214,EPL,15,10,6,4,3,5,22.7059,15.5294,12,5,23
26825,78,244,2025-01-26 14:00:00,1,2024,1,2,Crystal Palace,Brentford,1.23177,1.92037,0.1717,0.2637,0.5646,EPL,16,13,5,6,9,11,8.5,15.4545,6,3,23
26830,82,75,2025-01-26 14:00:00,1,2024,1,2,Tottenham,Leicester,1.27483,1.40469,0.2769,0.3568,0.3663,EPL,14,12,6,3,5,5,11.2593,11.4,17,10,23
26823,71,81,2025-01-26 16:30:00,1,2024,1,1,Aston Villa,West Ham,0.907851,1.67886,0.1721,0.2404,0.5875,EPL,14,14,4,4,7,5,6.3226,8.6774,1,18,23
26826,228,89,2025-01-26 19:00:00,1,2024,0,1,Fulham,Manchester United,0.560571,0.201988,0.3804,0.5075,0.1121,EPL,9,4,3,1,3,5,16.0588,30.8,8,13,23
26840,249,220,2025-02-01 12:30:00,1,2024,7,0,Nottingham Forest,Brighton,4.0677,0.756296,0.969,0.0256,0.0054,EPL,14,10,9,5,7,8,6.2857,19.9375,15,4,24
26836,72,75,2025-02-01 15:00:00,1,2024,4,0,Everton,Leicester,3.11261,0.447136,0.9305,0.0535,0.016,EPL,13,9,7,1,14,4,12.0435,17.9444,7,10,24
26832,73,87,2025-02-01 15:00:00,1,2024,0,2,Bournemouth,Liverpool,1.65273,2.7219,0.1696,0.1937,0.6367,EPL,14,19,3,7,5,11,8.6364,8.1923,2,11,24
26839,86,228,2025-02-01 15:00:00,1,2024,1,2,Newcastle United,Fulham,1.22716,1.60881,0.2568,0.2823,0.4609,EPL,11,15,4,4,10,5,11.7368,13.6875,14,8,24
26837,285,74,2025-02-01 15:00:00,1,2024,1,2,Ipswich,Southampton,1.94845,1.17566,0.5756,0.2593,0.1651,EPL,15,9,6,4,5,1,10.3103,9.0417,9,16,24
26841,229,71,2025-02-01 17:30:00,1,2024,2,0,Wolverhampton Wanderers,Aston Villa,2.00146,0.742809,0.7201,0.194,0.0859,EPL,8,10,5,3,2,4,11.5,12.25,19,1,24
26834,244,82,2025-02-02 14:00:00,1,2024,0,2,Brentford,Tottenham,1.66475,0.945355,0.5556,0.2508,0.1936,EPL,20,13,4,2,8,4,9.0833,12.3333,3,17,24
26838,89,78,2025-02-02 14:00:00,1,2024,0,2,Manchester United,Crystal Palace,1.50706,2.44633,0.1555,0.2072,0.6373,EPL,17,11,2,3,18,6,13.4762,5.5652,13,6,24
26833,83,88,2025-02-02 16:30:00,1,2024,5,1,Arsenal,Manchester City,1.53202,0.743191,0.5825,0.2677,0.1498,EPL,12,7,7,4,6,7,17.7692,14.4667,0,12,24
26835,80,81,2025-02-03 20:00:00,1,2024,2,1,Chelsea,West Ham,1.39066,1.1868,0.4124,0.2751,0.3125,EPL,22,14,3,5,6,8,30.5,6.2727,5,18,24
26748,72,87,2025-02-12 19:30:00,1,2024,2,2,Everton,Liverpool,0.910523,0.929103,0.3088,0.35,0.3412,EPL,10,6,3,4,2,2,4.5625,17.7222,7,11,24
26843,220,80,2025-02-14 20:00:00,1,2024,3,0,Brighton,Chelsea,2.06892,0.649788,0.7552,0.1726,0.0722,EPL,13,8,5,0,7,9,6.1935,17.0741,4,5,25
26846,75,83,2025-02-15 12:30:00,1,2024,0,2,Leicester,Arsenal,0.233209,1.75,0.028,0.1538,0.8182,EPL,6,11,2,5,3,10,6.0,10.4615,10,0,25
26851,81,244,2025-02-15 15:00:00,1,2024,0,1,West Ham,Brentford,0.673466,1.96499,0.0938,0.1906,0.7156,EPL,13,14,3,5,8,9,8.8125,10.0526,18,3,25
26842,71,285,2025-02-15 15:00:00,1,2024,1,1,Aston Villa,Ipswich,2.89841,0.332864,0.9322,0.0564,0.0114,EPL,25,4,6,3,19,0,13.2083,7.6667,1,9,25
26848,88,86,2025-02-15 15:00:00,1,2024,4,0,Manchester City,Newcastle United,2.12004,0.157211,0.8953,0.0917,0.013,EPL,11,3,7,1,4,1,10.9032,15.5,12,14,25
26845,228,249,2025-02-15 15:00:00,1,2024,2,1,Fulham,Nottingham Forest,2.20993,0.331301,0.8401,0.1266,0.0333,EPL,24,8,10,2,6,4,25.3636,13.9412,8,15,25
26849,74,73,2025-02-15 15:00:00,1,2024,1,3,Southampton,Bournemouth,0.974418,2.08722,0.1063,0.2076,0.6861,EPL,11,14,4,7,7,3,7.2308,8.7241,16,2,25
26844,78,72,2025-02-15 17:30:00,1,2024,1,2,Crystal Palace,Everton,2.30646,1.01565,0.7009,0.1861,0.113,EPL,17,11,6,6,9,4,10.6957,9.65,6,7,25
26847,87,229,2025-02-16 14:00:00,1,2024,2,1,Liverpool,Wolverhampton Wanderers,1.86758,1.05329,0.6122,0.2355,0.1523,EPL,10,16,3,4,7,7,9.25,11.4545,11,19,25
26850,82,89,2025-02-16 16:30:00,1,2024,1,0,Tottenham,Manchester United,1.97109,1.42652,0.5145,0.2364,0.2491,EPL,22,16,7,6,15,8,11.5,9.6364,17,13,25
26884,71,87,2025-02-19 15:00:00,1,2024,2,2,Aston Villa,Liverpool,1.02269,2.04279,0.1458,0.2222,0.632,EPL,9,17,4,3,13,17,13.2778,11.5,1,11,25
26858,75,244,2025-02-21 20:00:00,1,2024,0,4,Leicester,Brentford,0.727901,2.03465,0.0917,0.1945,0.7138,EPL,8,14,3,6,9,8,10.7647,18.9167,10,3,26
26855,72,89,2025-02-22 12:30:00,1,2024,2,2,Everton,Manchester United,2.10444,0.645685,0.7638,0.1698,0.0664,EPL,9,9,8,3,6,5,6.3913,14.0435,7,13,26
26861,74,220,2025-02-22 15:00:00,1,2024,0,4,Southampton,Brighton,0.154147,5.12018,0.0,0.0021,0.9979,EPL,6,18,1,12,1,6,9.7778,9.8462,16,4,26
26856,228,78,2025-02-22 15:00:00,1,2024,0,2,Fulham,Crystal Palace,0.23426,1.46203,0.0391,0.2007,0.7602,EPL,10,10,0,5,8,5,17.6667,7.12,8,6,26
26857,285,82,2025-02-22 15:00:00,1,2024,1,4,Ipswich,Tottenham,1.15389,1.58741,0.2241,0.2857,0.4902,EPL,17,10,5,6,4,7,9.0,10.2286,9,17,26
26852,73,229,2025-02-22 15:00:00,1,2024,0,1,Bournemouth,Wolverhampton Wanderers,0.629691,2.10124,0.0614,0.1686,0.77,EPL,8,13,3,5,8,5,5.3871,8.3333,2,19,26
26853,83,81,2025-02-22 15:00:00,1,2024,0,1,Arsenal,West Ham,1.37264,1.02684,0.4239,0.3113,0.2648,EPL,20,5,2,2,15,1,13.7619,5.1935,0,18,26
26854,71,80,2025-02-22 17:30:00,1,2024,2,1,Aston Villa,Chelsea,2.69413,2.17418,0.5071,0.2492,0.2437,EPL,12,15,6,7,5,7,11.72,9.6429,1,5,26
26860,86,249,2025-02-23 14:00:00,1,2024,4,3,Newcastle United,Nottingham Forest,3.45858,2.38603,0.6361,0.2024,0.1615,EPL,13,17,5,5,5,7,10.9583,6.75,14,15,26
26859,88,87,2025-02-23 16:30:00,1,2024,0,2,Manchester City,Liverpool,0.558203,0.800048,0.2229,0.3839,0.3932,EPL,16,8,5,4,8,7,20.4667,18.8182,12,11,26
26862,244,72,2025-02-26 19:30:00,1,2024,1,1,Brentford,Everton,1.34009,1.44955,0.3083,0.3272,0.3645,EPL,12,14,3,4,6,4,31.875,13.625,3,7,27
26863,220,73,2025-02-25 19:30:00,1,2024,2,1,Brighton,Bournemouth,2.57927,1.70169,0.5925,0.2144,0.1931,EPL,11,19,4,5,7,8,4.5882,11.619,4,2,27
26864,249,83,2025-02-26 19:30:00,1,2024,0,0,Nottingham Forest,Arsenal,0.508611,1.31766,0.1237,0.2822,0.5941,EPL,6,13,2,1,4,7,5.3478,13.1176,15,0,27
26865,82,88,2025-02-26 19:30:00,1,2024,0,1,Tottenham,Manchester City,1.28426,2.38641,0.1445,0.1966,0.6589,EPL,11,12,6,5,5,11,13.4231,10.4583,17,12,27
26866,81,75,2025-02-27 20:00:00,1,2024,2,0,West Ham,Leicester,1.70437,0.289578,0.844,0.1313,0.0247,EPL,8,10,2,2,6,0,20.1111,14.4737,18,10,27
26867,229,228,2025-02-25 19:30:00,1,2024,1,2,Wolverhampton Wanderers,Fulham,0.928973,1.43473,0.2308,0.264,0.5052,EPL,18,11,5,5,2,4,13.0833,13.4118,19,8,27
26868,78,71,2025-02-25 19:30:00,1,2024,4,1,Crystal Palace,Aston Villa,4.02522,0.667217,0.9849,0.0127,0.0024,EPL,19,6,6,2,9,1,5.7143,6.4286,6,1,27
26869,80,74,2025-02-25 20:15:00,1,2024,4,0,Chelsea,Southampton,2.98234,0.845039,0.8414,0.1106,0.048,EPL,19,7,10,2,18,4,21.8667,13.75,5,16,27
26870,87,86,2025-02-26 20:15:00,1,2024,2,0,Liverpool,Newcastle United,1.40027,0.45882,0.6317,0.2727,0.0956,EPL,12,3,3,0,8,3,19.5,6.7778,11,14,27
26871,89,285,2025-02-26 19:30:00,1,2024,3,2,Manchester United,Ipswich,1.40202,1.04498,0.4582,0.3388,0.203,EPL,10,12,6,3,4,8,8.7083,15.4615,13,9,27
26880,81,86,2025-03-10 20:00:00,1,2024,0,1,West Ham,Newcastle United,0.823986,1.62976,0.1317,0.2723,0.596,EPL,9,9,2,3,0,10,11.9524,12.0,18,14,28
26881,229,72,2025-03-08 20:00:00,1,2024,1,1,Wolverhampton Wanderers,Everton,0.812432,1.3672,0.194,0.2875,0.5185,EPL,11,12,3,4,7,3,10.2647,9.2632,19,7,28
26872,244,71,2025-03-08 17:30:00,1,2024,0,1,Brentford,Aston Villa,0.637743,1.29638,0.1633,0.2951,0.5416,EPL,13,12,3,4,10,5,20.25,5.7778,3,1,28
26873,220,228,2025-03-08 15:00:00,1,2024,2,1,Brighton,Fulham,1.94417,0.708227,0.7336,0.201,0.0654,EPL,9,6,4,1,11,1,22.1538,9.0,4,8,28
26874,80,75,2025-03-09 14:00:00,1,2024,1,0,Chelsea,Leicester,1.76844,0.108487,0.8869,0.1028,0.0103,EPL,20,3,7,3,16,1,10.96,12.5238,5,10,28
26875,78,285,2025-03-08 15:00:00,1,2024,1,0,Crystal Palace,Ipswich,3.13879,1.63282,0.7226,0.1671,0.1103,EPL,19,15,4,8,1,1,16.0,5.8667,6,9,28
26876,87,74,2025-03-08 15:00:00,1,2024,3,1,Liverpool,Southampton,4.98996,0.511566,0.9927,0.0062,0.0011,EPL,28,6,7,4,19,0,19.8333,4.8235,11,16,28
26877,89,83,2025-03-09 16:30:00,1,2024,1,1,Manchester United,Arsenal,1.31107,1.82996,0.2494,0.2503,0.5003,EPL,10,17,6,6,9,9,8.1176,16.0,13,0,28
26878,249,88,2025-03-08 12:30:00,1,2024,1,0,Nottingham Forest,Manchester City,0.501476,0.721234,0.2224,0.4104,0.3672,EPL,9,14,4,3,3,6,7.625,13.8696,15,12,28
26879,82,73,2025-03-09 14:00:00,1,2024,2,2,Tottenham,Bournemouth,1.35053,2.22536,0.1689,0.2356,0.5955,EPL,12,17,4,8,5,7,7.8611,6.8846,17,2,28
26882,73,244,2025-03-15 17:30:00,1,2024,1,2,Bournemouth,Brentford,2.02714,1.60321,0.4754,0.2508,0.2738,EPL,17,10,5,4,17,8,7.8,7.2857,2,3,29
26883,83,80,2025-03-16 13:30:00,1,2024,1,0,Arsenal,Chelsea,0.695725,0.286036,0.4147,0.45,0.1353,EPL,12,8,4,2,6,0,11.5882,13.8889,0,5,29
26885,72,81,2025-03-15 15:00:00,1,2024,1,1,Everton,West Ham,1.189,0.516029,0.5617,0.2988,0.1395,EPL,13,9,5,4,5,7,25.0,8.9231,7,18,29
26886,228,82,2025-03-16 13:30:00,1,2024,2,0,Fulham,Tottenham,1.03966,1.40865,0.2471,0.284,0.4689,EPL,13,12,4,4,9,7,10.037,8.75,8,17,29
26887,285,249,2025-03-15 15:00:00,1,2024,2,4,Ipswich,Nottingham Forest,0.520839,1.30722,0.1282,0.2796,0.5922,EPL,11,11,4,6,1,7,11.5,21.4286,9,15,29
26888,75,89,2025-03-16 19:00:00,1,2024,0,3,Leicester,Manchester United,1.30455,1.13892,0.4016,0.2898,0.3086,EPL,11,18,3,5,6,2,14.9545,10.5385,10,13,29
26889,88,220,2025-03-15 15:00:00,1,2024,2,2,Manchester City,Brighton,2.02642,2.11119,0.3549,0.2457,0.3994,EPL,11,15,3,3,6,8,18.2,10.6471,12,4,29
26891,74,229,2025-03-15 15:00:00,1,2024,1,2,Southampton,Wolverhampton Wanderers,1.2821,0.540718,0.5861,0.2875,0.1264,EPL,10,5,3,3,6,3,12.3571,11.4545,16,19,29
26892,83,228,2025-04-01 19:45:00,1,2024,2,1,Arsenal,Fulham,2.30189,1.44206,0.5873,0.2548,0.1579,EPL,17,9,4,3,11,2,20.2857,16.8,0,8,30
26893,220,71,2025-04-02 19:45:00,1,2024,0,3,Brighton,Aston Villa,0.558009,1.20715,0.1514,0.2948,0.5538,EPL,11,8,4,5,12,4,12.5,7.5,4,1,30
26894,249,89,2025-04-01 20:00:00,1,2024,1,0,Nottingham Forest,Manchester United,0.512063,1.86688,0.077,0.191,0.732,EPL,8,23,2,6,5,13,4.5,21.7059,15,13,30
26895,229,81,2025-04-01 19:45:00,1,2024,1,0,Wolverhampton Wanderers,West Ham,1.10359,1.73057,0.1952,0.2691,0.5357,EPL,9,10,2,1,6,5,8.0714,14.0,19,18,30
26896,73,285,2025-04-02 19:45:00,1,2024,1,2,Bournemouth,Ipswich,1.99637,1.41263,0.5322,0.248,0.2198,EPL,24,10,7,2,7,6,15.6667,5.2333,2,9,30
26897,80,82,2025-04-03 19:00:00,1,2024,1,0,Chelsea,Tottenham,1.30443,1.40274,0.3193,0.3011,0.3796,EPL,11,8,5,2,6,9,11.7778,12.7143,5,17,30
26898,88,75,2025-04-02 19:45:00,1,2024,2,0,Manchester City,Leicester,2.07165,0.104741,0.8769,0.1115,0.0116,EPL,18,2,5,0,18,1,35.0,8.5455,12,10,30
26899,86,244,2025-04-02 19:45:00,1,2024,2,1,Newcastle United,Brentford,2.26584,1.53201,0.5477,0.2381,0.2142,EPL,21,12,4,3,7,7,7.72,9.913,14,3,30
26900,74,78,2025-04-02 19:45:00,1,2024,1,1,Southampton,Crystal Palace,0.687304,0.93776,0.2392,0.3508,0.41,EPL,8,9,2,3,3,8,15.6429,12.0,16,6,30
26901,87,72,2025-04-02 20:00:00,1,2024,1,0,Liverpool,Everton,1.29718,0.823136,0.4792,0.3008,0.22,EPL,17,5,3,0,10,3,16.7059,4.3182,11,7,30
26902,71,249,2025-04-05 16:30:00,1,2024,2,1,Aston Villa,Nottingham Forest,2.63349,0.96769,0.7726,0.1407,0.0867,EPL,17,19,8,3,7,4,10.5217,9.9474,1,15,31
26903,244,80,2025-04-06 13:00:00,1,2024,0,0,Brentford,Chelsea,1.36123,1.47829,0.3449,0.2702,0.3849,EPL,9,21,2,5,9,9,8.7273,13.0,3,5,31
26904,78,220,2025-04-05 14:00:00,1,2024,2,1,Crystal Palace,Brighton,0.443965,1.27226,0.1042,0.2649,0.6309,EPL,8,11,3,5,1,7,7.7917,16.1053,6,4,31
26905,72,83,2025-04-05 11:30:00,1,2024,1,1,Everton,Arsenal,1.22875,1.4031,0.3191,0.3028,0.3781,EPL,5,14,2,5,3,7,3.55,11.7917,7,0,31
26906,228,87,2025-04-06 13:00:00,1,2024,3,2,Fulham,Liverpool,1.72764,1.40638,0.4558,0.2602,0.284,EPL,12,14,6,6,6,8,6.4286,21.7333,8,11,31
26907,285,229,2025-04-05 14:00:00,1,2024,1,2,Ipswich,Wolverhampton Wanderers,0.872356,2.8096,0.035,0.1224,0.8426,EPL,6,22,2,7,5,8,8.7,12.5556,9,19,31
26908,75,86,2025-04-07 19:00:00,1,2024,0,3,Leicester,Newcastle United,0.354575,3.44111,0.0023,0.0173,0.9804,EPL,7,16,2,5,6,5,12.5185,10.4167,10,14,31
26909,89,88,2025-04-06 15:30:00,1,2024,0,0,Manchester United,Manchester City,1.23317,0.687894,0.5013,0.3126,0.1861,EPL,13,9,2,5,11,1,10.4545,13.5238,13,12,31
26910,82,74,2025-04-06 13:00:00,1,2024,3,1,Tottenham,Southampton,2.648,0.780439,0.8259,0.1232,0.0509,EPL,13,12,8,4,10,5,8.7647,7.7273,17,16,31
26911,81,73,2025-04-05 14:00:00,1,2024,2,2,West Ham,Bournemouth,0.907832,1.94869,0.1035,0.2145,0.682,EPL,9,11,3,4,5,6,8.25,8.1739,18,2,31
26912,73,228,2025-04-14 19:00:00,1,2024,1,0,Bournemouth,Fulham,1.8577,1.07203,0.5849,0.252,0.1631,EPL,12,12,3,7,4,10,9.6111,11.7368,2,8,32
26913,83,244,2025-04-12 16:30:00,1,2024,1,1,Arsenal,Brentford,0.767369,0.588583,0.3528,0.3931,0.2541,EPL,14,3,3,2,9,6,10.6316,12.2308,0,3,32
26914,220,75,2025-04-12 14:00:00,1,2024,2,2,Brighton,Leicester,3.6978,1.98444,0.757,0.1406,0.1024,EPL,21,15,7,6,17,4,17.7059,8.8,4,10,32
26915,80,285,2025-04-13 13:00:00,1,2024,2,2,Chelsea,Ipswich,2.90758,1.60301,0.683,0.1687,0.1483,EPL,34,13,9,4,15,3,22.8182,4.16,5,9,32
26916,87,81,2025-04-13 13:00:00,1,2024,2,1,Liverpool,West Ham,1.42902,1.46598,0.3477,0.2738,0.3785,EPL,15,11,6,4,14,6,17.0,8.9032,11,18,32
26917,88,78,2025-04-12 11:30:00,1,2024,5,2,Manchester City,Crystal Palace,4.59724,1.33808,0.953,0.0375,0.0095,EPL,21,7,9,3,10,5,46.2222,8.9231,12,6,32
26918,86,89,2025-04-13 15:30:00,1,2024,4,1,Newcastle United,Manchester United,2.6383,0.786568,0.8412,0.1171,0.0417,EPL,12,9,6,5,10,3,11.3889,7.6216,14,13,32
26919,229,82,2025-04-13 13:00:00,1,2024,4,2,Wolverhampton Wanderers,Tottenham,2.22977,1.62887,0.5173,0.2576,0.2251,EPL,13,11,5,4,4,9,8.0435,15.2381,19,17,32
26920,249,72,2025-04-12 14:00:00,1,2024,0,1,Nottingham Forest,Everton,0.423949,1.26036,0.1152,0.2812,0.6036,EPL,10,13,5,5,1,9,11.3333,22.1,15,7,32
26921,74,71,2025-04-12 14:00:00,1,2024,0,3,Southampton,Aston Villa,0.412256,2.99927,0.0067,0.0401,0.9532,EPL,7,25,2,10,1,13,10.9524,22.9091,16,1,32
26890,86,78,2025-04-16 18:30:00,1,2024,5,0,Newcastle United,Crystal Palace,2.32947,2.37548,0.3579,0.2435,0.3986,EPL,14,11,7,4,9,9,16.1364,13.5833,14,6,32
26922,71,86,2025-04-19 16:30:00,1,2024,4,1,Aston Villa,Newcastle United,3.05371,1.27176,0.7759,0.1423,0.0818,EPL,23,10,9,3,10,8,13.8750,11.2273,1,14,33
26923,244,220,2025-04-19 14:00:00,1,2024,4,2,Brentford,Brighton,2.95516,1.24107,0.7701,0.1388,0.0911,EPL,16,12,8,3,14,10,15.3333,14.3333,3,4,33
26924,78,73,2025-04-19 14:00:00,1,2024,0,0,Crystal Palace,Bournemouth,0.337818,0.664093,0.1637,0.455,0.3813,EPL,5,15,0,4,4,8,6.6923,16.0625,6,2,33
26925,72,88,2025-04-19 14:00:00,1,2024,0,2,Everton,Manchester City,0.81683,1.87989,0.1104,0.2189,0.6707,EPL,8,12,2,7,4,11,10.9375,17.7000,7,12,33
26926,228,80,2025-04-20 13:00:00,1,2024,1,2,Fulham,Chelsea,0.306122,0.75172,0.1302,0.4303,0.4395,EPL,6,13,1,8,2,11,13.0625,16.3158,8,5,33
26927,285,83,2025-04-20 13:00:00,1,2024,0,4,Ipswich,Arsenal,0.192879,2.81362,0.0072,0.0553,0.9375,EPL,4,24,0,7,2,30,7.8500,19.8667,9,0,33
26928,75,87,2025-04-20 15:30:00,1,2024,0,1,Leicester,Liverpool,0.232205,4.52706,0.0008,0.0076,0.9916,EPL,5,28,0,10,3,17,12.5789,14.6111,10,11,33
26929,89,229,2025-04-20 13:00:00,1,2024,0,1,Manchester United,Wolverhampton Wanderers,1.13966,0.187814,0.6609,0.2871,0.052,EPL,12,4,2,2,9,3,9.3548,7.8966,13,19,33
26930,82,249,2025-04-21 19:00:00,1,2024,1,2,Tottenham,Nottingham Forest,2.4024,0.557682,0.8257,0.1354,0.0389,EPL,22,4,6,3,5,1,12.6667,5.4762,17,15,33
26931,81,74,2025-04-19 14:00:00,1,2024,1,1,West Ham,Southampton,0.98423,0.922877,0.3491,0.3248,0.3261,EPL,12,15,4,4,8,9,14.0500,21.1818,18,16,33
26933,83,78,2025-04-23 19:00:00,1,2024,2,2,Arsenal,Crystal Palace,1.92149,2.50515,0.246,0.2422,0.5118,EPL,12,15,6,4,6,7,30.1875,13.0000,0,6,33
26937,88,71,2025-04-22 19:00:00,1,2024,2,1,Manchester City,Aston Villa,1.36232,1.85906,0.2418,0.2563,0.5019,EPL,14,7,6,3,3,3,17.7857,10.5556,12,1,33
