id,goals,own_goals,shots,xG,time,player_id,understat_team_id,position,player,h_a,yellow_card,red_card,roster_in,roster_out,key_passes,assists,xA,xGChain,xGBuildup,positionOrder,fixture_id,team_id,team_name,h_xg,a_xg,team_xG,xGI,gameweek,penalty,npxG,npxGI
666295,0,0,0,0.0,90,9676,83,GK,David Raya,h,0,0,0,0,0,0,0.0,0.4988786280155182,0.4988786280155182,1,26604,0,Arsenal,1.6283,0.575835,1.6283,0.0,1,0,0.0,0.0
666296,0,0,2,0.05506914108991623,90,7298,83,DR,Ben White,h,0,0,0,0,0,0,0.0,0.627562940120697,0.5724937915802002,2,26604,0,Arsenal,1.6283,0.575835,1.6283,0.05506914108991623,1,0,0.05506914108991623,0.05506914108991623
666298,0,0,0,0.0,90,6888,83,DC,William Saliba,h,0,0,0,0,0,0,0.0,0.23699146509170532,0.23699146509170532,3,26604,0,Arsenal,1.6283,0.575835,1.6283,0.0,1,0,0.0,0.0
666297,0,0,1,0.0635012686252594,90,5613,83,DC,Gabriel,h,0,0,0,0,0,0,0.0,0.20357179641723633,0.20357179641723633,3,26604,0,Arsenal,1.6283,0.575835,1.6283,0.0635012686252594,1,0,0.0635012686252594,0.0635012686252594
666299,0,0,0,0.0,70,2958,83,DL,Oleksandr Zinchenko,h,0,0,666308,0,0,0,0.0,0.870730459690094,0.870730459690094,4,26604,0,Arsenal,1.6283,0.575835,1.6283,0.0,1,0,0.0,0.0
666301,0,0,1,0.018265416845679283,90,2517,83,MC,Martin Odegaard,h,0,0,0,0,2,0,0.09759487956762314,0.7936917543411255,0.6960968971252441,9,26604,0,Arsenal,1.6283,0.575835,1.6283,0.11586029641330242,1,0,0.018265416845679283,0.11586029641330242
666302,0,0,1,0.09148702770471573,86,5553,83,MC,Declan Rice,h,0,0,666307,0,1,0,0.08772515505552292,0.39735841751098633,0.2181462198495865,9,26604,0,Arsenal,1.6283,0.575835,1.6283,0.17921218276023865,1,0,0.09148702770471573,0.17921218276023865
666300,0,0,1,0.06625648587942123,90,2328,83,MC,Thomas Partey,h,0,0,0,0,4,0,0.19935789704322815,0.489941269159317,0.3163597583770752,9,26604,0,Arsenal,1.6283,0.575835,1.6283,0.2656143829226494,1,0,0.06625648587942123,0.2656143829226494
666303,1,0,5,0.5200634598731995,81,7322,83,FWR,Bukayo Saka,h,1,0,666306,0,5,1,0.5791332125663757,1.1058757305145264,0.11203527450561523,14,26604,0,Arsenal,1.6283,0.575835,1.6283,1.0991966724395752,1,0,0.5200634598731995,1.0991966724395752
666304,1,0,5,0.7023455500602722,90,5220,83,FW,Kai Havertz,h,0,0,0,0,2,1,0.09993232041597366,0.9625219106674194,0.16024404764175415,15,26604,0,Arsenal,1.6283,0.575835,1.6283,0.8022778704762459,1,0,0.7023455500602722,0.8022778704762459
666305,0,0,1,0.08772515505552292,90,7752,83,FWL,Gabriel Martinelli,h,0,0,0,0,3,0,0.49830305576324463,0.5860282182693481,0.03666941821575165,16,26604,0,Arsenal,1.6283,0.575835,1.6283,0.5860282108187675,1,0,0.08772515505552292,0.5860282108187675
666307,0,0,0,0.0,4,5543,83,Sub,Gabriel Jesus,h,1,0,0,666302,0,0,0.0,0,0,17,26604,0,Arsenal,1.6283,0.575835,1.6283,0.0,1,0,0.0,0.0
666308,0,0,1,0.02358955144882202,20,11707,83,Sub,Jurriën Timber,h,0,0,0,666299,0,0,0.0,0,0,17,26604,0,Arsenal,1.6283,0.575835,1.6283,0.02358955144882202,1,0,0.02358955144882202,0.02358955144882202
666306,0,0,0,0.0,9,7698,83,Sub,Leandro Trossard,h,0,0,0,666303,0,0,0.0,0,0,17,26604,0,Arsenal,1.6283,0.575835,1.6283,0.0,1,0,0.0,0.0
666464,0,0,0,0.0,90,4401,71,GK,Emiliano Martinez,a,0,0,0,0,0,0,0.0,0,0,1,26608,1,Aston Villa,2.8047,2.6703,2.6703,0.0,1,0,0.0,0.0
666465,0,0,0,0.0,85,8864,71,DR,Matthew Cash,a,0,0,666479,0,1,0,0.436320036649704,0.4702388346195221,0.4702388346195221,2,26608,1,Aston Villa,2.8047,2.6703,2.6703,0.436320036649704,1,0,0.0,0.436320036649704
666466,0,0,0,0.0,90,6221,71,DC,Pau Torres,a,0,0,0,0,0,0,0.0,1.0718846321105957,1.0718846321105957,3,26608,1,Aston Villa,2.8047,2.6703,2.6703,0.0,1,0,0.0,0.0
666467,0,0,1,0.06546694040298462,90,7726,71,DC,Ezri Konsa Ngoyo,a,0,0,0,0,1,0,0.038855526596307755,1.104379415512085,1.0655238628387451,3,26608,1,Aston Villa,2.8047,2.6703,2.6703,0.10432246699929237,1,0,0.06546694040298462,0.10432246699929237
666468,0,0,0,0.0,77,1823,71,DL,Lucas Digne,a,0,0,666476,0,1,0,0.3044654428958893,0.7407854795455933,0.436320036649704,4,26608,1,Aston Villa,2.8047,2.6703,2.6703,0.3044654428958893,1,0,0.0,0.3044654428958893
666469,1,0,1,0.520675003528595,90,9667,71,DMC,Amadou Onana,a,0,0,0,0,0,0,0.0,0.3958303928375244,0.3958303928375244,7,26608,1,Aston Villa,2.8047,2.6703,2.6703,0.520675003528595,1,0,0.520675003528595,0.520675003528595
666470,0,0,2,0.15658780932426453,90,5956,71,DMC,Youri Tielemans,a,0,0,0,0,3,1,0.7540484666824341,1.339176893234253,0.9492155909538269,7,26608,1,Aston Villa,2.8047,2.6703,2.6703,0.9106362760066986,1,0,0.15658780932426453,0.9106362760066986
666471,0,0,3,0.5449371337890625,77,5221,71,AMR,Leon Bailey,a,1,0,666478,0,2,0,0.09938574582338333,0.7015249133110046,0.12266900390386581,11,26608,1,Aston Villa,2.8047,2.6703,2.6703,0.6443228796124458,1,0,0.5449371337890625,0.6443228796124458
666472,0,0,2,0.1691761612892151,90,12412,71,AMC,Morgan Rogers,a,0,0,0,0,2,0,0.1924305558204651,0.4786719083786011,0.23973417282104492,12,26608,1,Aston Villa,2.8047,2.6703,2.6703,0.3616067171096802,1,0,0.1691761612892151,0.3616067171096802
666473,0,0,2,0.2558891475200653,65,7723,71,AML,John McGinn,a,0,0,666477,0,0,0,0.0,0.7261279821395874,0.4702388346195221,13,26608,1,Aston Villa,2.8047,2.6703,2.6703,0.2558891475200653,1,0,0.2558891475200653,0.2558891475200653
666474,0,0,0,0.0,65,8865,71,FW,Ollie Watkins,a,0,0,666475,0,0,0,0.0,0.436320036649704,0.436320036649704,15,26608,1,Aston Villa,2.8047,2.6703,2.6703,0.0,1,0,0.0,0.0
666477,0,0,1,0.1508321464061737,25,8941,71,Sub,Jacob Ramsey,a,0,0,0,666473,1,1,0.3958303928375244,0.9681931734085083,0.4215306043624878,17,26608,1,Aston Villa,2.8047,2.6703,2.6703,0.5466625392436981,1,0,0.1508321464061737,0.5466625392436981
666475,1,0,2,0.7002958059310913,25,11366,71,Sub,Jhon Durán,a,0,0,0,666474,0,0,0.0,0.7002958059310913,0.3958303928375244,17,26608,1,Aston Villa,2.8047,2.6703,2.6703,0.7002958059310913,1,0,0.7002958059310913,0.7002958059310913
666478,0,0,1,0.1170651763677597,13,9415,71,Sub,Jaden Philogene-Bidace,a,1,0,0,666471,0,0,0.0,0.5128955841064453,0.3958303928375244,17,26608,1,Aston Villa,2.8047,2.6703,2.6703,0.1170651763677597,1,0,0.1170651763677597,0.1170651763677597
666476,0,0,0,0.0,13,11807,71,Sub,Ian Maatsen,a,0,0,0,666468,1,0,0.1170651763677597,0.5128955841064453,0.3958303928375244,17,26608,1,Aston Villa,2.8047,2.6703,2.6703,0.1170651763677597,1,0,0.0,0.1170651763677597
666479,0,0,0,0.0,5,12775,71,Sub,Kosta Nedeljkovic,a,0,0,0,666465,0,0,0.0,0,0,17,26608,1,Aston Villa,2.8047,2.6703,2.6703,0.0,1,0,0.0,0.0
666401,0,0,0,0.0,90,1297,73,GK,Neto,a,0,0,0,0,0,0,0.0,0.4283316135406494,0.4283316135406494,1,26607,2,Bournemouth,1.24405,1.90915,1.90915,0.0,1,0,0.0,0.0
666402,0,0,0,0.0,74,825,73,DR,Adam Smith,a,0,0,666413,0,0,0,0.0,0.05749594420194626,0.05749594420194626,2,26607,2,Bournemouth,1.24405,1.90915,1.90915,0.0,1,0,0.0,0.0
666403,0,0,0,0.0,90,11943,73,DC,Dean Huijsen,a,0,0,0,0,0,0,0.0,0.017634352669119835,0.017634352669119835,3,26607,2,Bournemouth,1.24405,1.90915,1.90915,0.0,1,0,0.0,0.0
666404,0,0,0,0.0,90,11486,73,DC,Illia Zabarnyi,a,0,0,0,0,0,0,0.0,0.0954376831650734,0.0954376831650734,3,26607,2,Bournemouth,1.24405,1.90915,1.90915,0.0,1,0,0.0,0.0
666405,0,0,0,0.0,90,11709,73,DL,Milos Kerkez,a,1,0,0,0,1,0,0.026294369250535965,0.13936640322208405,0.11307203024625778,4,26607,2,Bournemouth,1.24405,1.90915,1.90915,0.026294369250535965,1,0,0.0,0.026294369250535965
666406,0,0,0,0.0,74,12149,73,DMC,Alex Scott,a,0,0,666416,0,1,0,0.05697699263691902,0.11447293311357498,0.05749594420194626,7,26607,2,Bournemouth,1.24405,1.90915,1.90915,0.05697699263691902,1,0,0.0,0.05697699263691902
666407,0,0,0,0.0,90,1789,73,DMC,Lewis Cook,a,1,0,666412,0,1,0,0.4425158202648163,0,0,7,26607,2,Bournemouth,1.24405,1.90915,1.90915,0.4425158202648163,1,0,0.0,0.4425158202648163
666408,0,0,1,0.4425158202648163,80,9662,73,AMR,Dango Ouattara,a,0,0,666415,0,0,0,0.0,0.4872284531593323,0.4872284531593323,11,26607,2,Bournemouth,1.24405,1.90915,1.90915,0.4425158202648163,1,0,0.4425158202648163,0.4425158202648163
666409,0,0,5,0.2693653106689453,90,10741,73,AMC,Marcus Tavernier,a,0,0,0,0,3,0,0.4283316135406494,0.6428412795066833,0,12,26607,2,Bournemouth,1.24405,1.90915,1.90915,0.6976969242095947,1,0,0.2693653106689453,0.6976969242095947
666410,0,0,2,0.41069725155830383,75,10866,73,AML,Luis Sinisterra,a,0,0,666414,0,0,0,0.0,0.41069725155830383,0,13,26607,2,Bournemouth,1.24405,1.90915,1.90915,0.41069725155830383,1,0,0.41069725155830383,0.41069725155830383
666411,1,0,5,0.7865713238716125,90,11363,73,FW,Antoine Semenyo,a,0,0,0,0,0,0,0.0,0.8652406930923462,0.07866935431957245,15,26607,2,Bournemouth,1.24405,1.90915,1.90915,0.7865713238716125,1,0,0.7865713238716125,0.7865713238716125
666414,0,0,0,0.0,15,6963,73,Sub,Justin Kluivert,a,1,0,0,666410,0,0,0.0,0,0,17,26607,2,Bournemouth,1.24405,1.90915,1.90915,0.0,1,0,0.0,0.0
666412,0,0,0,0.0,1,6034,73,Sub,Philip Billing,a,0,0,0,666407,0,0,0.0,0,0,17,26607,2,Bournemouth,1.24405,1.90915,1.90915,0.0,1,0,0.0,0.0
666415,0,0,0,0.0,10,9509,73,Sub,Daniel Jebbison,a,0,0,0,666408,1,0,0.02117341011762619,0.02117341011762619,0,17,26607,2,Bournemouth,1.24405,1.90915,1.90915,0.02117341011762619,1,0,0.0,0.02117341011762619
666413,0,0,0,0.0,16,11745,73,Sub,Julián Araujo,a,0,0,0,666402,0,0,0.0,0.02117341011762619,0.02117341011762619,17,26607,2,Bournemouth,1.24405,1.90915,1.90915,0.0,1,0,0.0,0.0
666416,0,0,0,0.0,16,10744,73,Sub,Ryan Christie,a,0,0,0,666406,0,0,0.0,0.026294369250535965,0.026294369250535965,17,26607,2,Bournemouth,1.24405,1.90915,1.90915,0.0,1,0,0.0,0.0
666793,0,0,0,0.0,90,7047,244,GK,Mark Flekken,h,0,0,0,0,0,0,0.0,0.13167724013328552,0.13167724013328552,1,26609,3,Brentford,1.38064,1.14757,1.38064,0.0,1,0,0.0,0.0
666794,0,0,0,0.0,90,9685,244,DR,Mads Roerslev,h,0,0,0,0,0,0,0.0,0.13167724013328552,0.13167724013328552,2,26609,3,Brentford,1.38064,1.14757,1.38064,0.0,1,0,0.0,0.0
666796,0,1,1,0.011295001022517681,90,9678,244,DC,Ethan Pinnock,h,0,0,0,0,0,0,0.0,0.13167724013328552,0.13167724013328552,3,26609,3,Brentford,1.38064,1.14757,1.38064,0.011295001022517681,1,0,0.011295001022517681,0.011295001022517681
666795,0,0,1,0.09104792028665543,90,9733,244,DC,Nathan Collins,h,0,0,0,0,0,0,0.0,0.22272515296936035,0.13167724013328552,3,26609,3,Brentford,1.38064,1.14757,1.38064,0.09104792028665543,1,0,0.09104792028665543,0.09104792028665543
666797,0,0,1,0.373125821352005,90,9677,244,DL,Kristoffer Ajer,h,0,0,0,0,0,0,0.0,0.5093995332717896,0.13627372682094574,4,26609,3,Brentford,1.38064,1.14757,1.38064,0.373125821352005,1,0,0.373125821352005,0.373125821352005
666799,0,0,0,0.0,87,7166,244,MC,Mathias Jensen,h,0,0,666805,0,1,0,0.022373134270310402,0.1586468666791916,0.13627372682094574,9,26609,3,Brentford,1.38064,1.14757,1.38064,0.022373134270310402,1,0,0.0,0.022373134270310402
666800,0,0,2,0.06150956451892853,77,9680,244,MC,Vitaly Janelt,h,0,0,666804,0,1,0,0.011295001022517681,0.09643138945102692,0.07405825704336166,9,26609,3,Brentford,1.38064,1.14757,1.38064,0.07280456554144621,1,0,0.06150956451892853,0.07280456554144621
666798,0,0,0,0.0,90,7083,244,MC,Christian Nørgaard,h,0,0,0,0,1,0,0.07865475118160248,0.210331991314888,0.13167724013328552,9,26609,3,Brentford,1.38064,1.14757,1.38064,0.07865475118160248,1,0,0.0,0.07865475118160248
666801,1,0,1,0.07405825704336166,90,6552,244,FWR,Bryan Mbeumo,h,0,0,666807,0,3,0,0.46988123655319214,0.5048030614852905,0,14,26609,3,Brentford,1.38064,1.14757,1.38064,0.5439394935965538,1,0,0.07405825704336166,0.5439394935965538
666802,1,0,2,0.7543930411338806,87,5786,244,FW,Yoane Wissa,h,1,0,666806,0,1,1,0.07405825704336166,0.8284512758255005,0.07405825704336166,15,26609,3,Brentford,1.38064,1.14757,1.38064,0.8284512981772423,1,0,0.7543930411338806,0.8284512981772423
666803,0,0,1,0.07865475118160248,77,9156,244,FWL,Kevin Schade,h,0,0,666808,0,0,0,0.0,0.07865475118160248,0,16,26609,3,Brentford,1.38064,1.14757,1.38064,0.07865475118160248,1,0,0.07865475118160248,0.07865475118160248
666805,0,0,0,0.0,3,9681,244,Sub,Frank Onyeka,h,0,0,0,666799,0,0,0.0,0,0,17,26609,3,Brentford,1.38064,1.14757,1.38064,0.0,1,0,0.0,0.0
666808,0,0,0,0.0,13,10809,244,Sub,Keane Lewis-Potter,h,0,0,0,666803,0,0,0.0,0,0,17,26609,3,Brentford,1.38064,1.14757,1.38064,0.0,1,0,0.0,0.0
666806,0,0,0,0.0,3,9501,244,Sub,Fabio Carvalho,h,0,0,0,666802,0,0,0.0,0,0,17,26609,3,Brentford,1.38064,1.14757,1.38064,0.0,1,0,0.0,0.0
666804,0,0,0,0.0,13,8859,244,Sub,Mikkel Damsgaard,h,0,0,0,666800,0,0,0.0,0,0,17,26609,3,Brentford,1.38064,1.14757,1.38064,0.0,1,0,0.0,0.0
666807,0,0,0,0.0,1,1654,244,Sub,Ben Mee,h,0,0,0,666801,0,0,0.0,0,0,17,26609,3,Brentford,1.38064,1.14757,1.38064,0.0,1,0,0.0,0.0
666339,0,0,0,0.0,90,7235,220,GK,Jason Steele,a,0,0,0,0,0,0,0.0,0.2725262939929962,0.2725262939929962,1,26605,4,Brighton,0.405325,1.79083,1.79083,0.0,1,0,0.0,0.0
666340,0,0,0,0.0,90,8780,220,DR,Joël Veltman,a,0,0,0,0,0,0,0.0,0.2805643677711487,0.2805643677711487,2,26605,4,Brighton,0.405325,1.79083,1.79083,0.0,1,0,0.0,0.0
666341,0,0,0,0.0,90,10807,220,DC,Jan Paul van Hecke,a,0,0,0,0,0,0,0.0,0.2725262939929962,0.2725262939929962,3,26605,4,Brighton,0.405325,1.79083,1.79083,0.0,1,0,0.0,0.0
666342,0,0,1,0.09493531286716461,80,6048,220,DC,Lewis Dunk,a,0,0,666352,0,0,0,0.0,0.06822261959314346,0.06822261959314346,3,26605,4,Brighton,0.405325,1.79083,1.79083,0.09493531286716461,1,0,0.09493531286716461,0.09493531286716461
666343,0,0,0,0.0,90,11269,220,DL,Jack Hinshelwood,a,0,0,0,0,0,0,0.0,0.2725262939929962,0.2725262939929962,4,26605,4,Brighton,0.405325,1.79083,1.79083,0.0,1,0,0.0,0.0
666345,0,0,0,0.0,86,489,220,DMC,James Milner,a,1,0,666353,0,3,0,0.24505402147769928,0.18309646844863892,0.06822261959314346,7,26605,4,Brighton,0.405325,1.79083,1.79083,0.24505402147769928,1,0,0.0,0.24505402147769928
666344,0,0,0,0.0,90,12758,220,DMC,Mats Wieffer,a,0,0,0,0,1,1,0.1089806854724884,1.0955357551574707,0.9865550398826599,7,26605,4,Brighton,0.405325,1.79083,1.79083,0.1089806854724884,1,0,0.0,0.1089806854724884
666346,0,0,0,0.0,46,12759,220,AMR,Yankuba Minteh,a,0,0,666354,0,3,1,0.9331552386283875,0.9331552386283875,0,11,26605,4,Brighton,0.405325,1.79083,1.79083,0.9331552386283875,1,0,0.0,0.9331552386283875
666347,0,0,1,0.0241545420140028,86,8272,220,AMC,João Pedro,a,0,0,666350,0,1,0,0.38201484084129333,0.5130051374435425,0.10683576762676239,12,26605,4,Brighton,0.405325,1.79083,1.79083,0.40616938285529613,1,0,0.0241545420140028,0.40616938285529613
666348,1,0,4,1.2435791492462158,90,10806,220,AML,Kaoru Mitoma,a,0,0,666351,0,0,0,0.0,1.4126379489898682,0.962400496006012,13,26605,4,Brighton,0.405325,1.79083,1.79083,1.2435791492462158,1,0,1.2435791492462158,1.2435791492462158
666349,1,0,2,0.2158164530992508,90,501,220,FW,Danny Welbeck,a,0,0,0,0,2,1,0.12162243574857712,1.4775506258010864,1.2469474077224731,15,26605,4,Brighton,0.405325,1.79083,1.79083,0.3374388888478279,1,0,0.2158164530992508,0.3374388888478279
666351,0,0,0,0.0,1,11385,220,Sub,Yasin Ayari,a,0,0,0,666348,0,0,0.0,0,0,17,26605,4,Brighton,0.405325,1.79083,1.79083,0.0,1,0,0.0,0.0
666354,1,0,2,0.21234174072742462,44,11710,220,Sub,Simon Adingra,a,0,0,0,666346,0,0,0.0,0.21234174072742462,0.11487384885549545,17,26605,4,Brighton,0.405325,1.79083,1.79083,0.21234174072742462,1,0,0.21234174072742462,0.21234174072742462
666352,0,0,0,0.0,10,7699,220,Sub,Adam Webster,a,0,0,0,666342,0,0,0.0,0.09746789187192917,0.09746789187192917,17,26605,4,Brighton,0.405325,1.79083,1.79083,0.0,1,0,0.0,0.0
666350,0,0,0,0.0,4,10036,220,Sub,Jeremy Sarmiento,a,0,0,0,666347,0,0,0.0,0.09746789187192917,0.09746789187192917,17,26605,4,Brighton,0.405325,1.79083,1.79083,0.0,1,0,0.0,0.0
666353,0,0,0,0.0,4,7988,220,Sub,Billy Gilmour,a,0,0,0,666345,0,0,0.0,0.09746789187192917,0.09746789187192917,17,26605,4,Brighton,0.405325,1.79083,1.79083,0.0,1,0,0.0,0.0
667010,0,0,0,0.0,90,9098,80,GK,Robert Sánchez,h,0,0,0,0,0,0,0.0,0,0,1,26610,5,Chelsea,1.06123,1.18038,1.06123,0.0,1,0,0.0,0.0
667011,0,0,0,0.0,90,9017,80,DR,Malo Gusto,h,0,0,0,0,0,0,0.0,0.16093039512634277,0.16093039512634277,2,26610,5,Chelsea,1.06123,1.18038,1.06123,0.0,1,0,0.0,0.0
667013,0,0,0,0.0,90,10805,80,DC,Levi Colwill,h,0,0,0,0,0,0,0.0,0.020260468125343323,0.020260468125343323,3,26610,5,Chelsea,1.06123,1.18038,1.06123,0.0,1,0,0.0,0.0
667012,0,0,1,0.05287346616387367,90,7589,80,DC,Wesley Fofana,h,0,0,0,0,0,0,0.0,0.07280208170413971,0.07280208170413971,3,26610,5,Chelsea,1.06123,1.18038,1.06123,0.05287346616387367,1,0,0.05287346616387367,0.05287346616387367
667014,0,0,0,0.0,86,7134,80,DL,Marc Cucurella,h,0,0,667021,0,0,0,0.0,0.18082593381404877,0.18082593381404877,4,26610,5,Chelsea,1.06123,1.18038,1.06123,0.0,1,0,0.0,0.0
667016,0,0,1,0.023129956796765327,90,9453,80,DMC,Moisés Caicedo,h,1,0,0,0,1,0,0.034946560859680176,0.23890244960784912,0.20395588874816895,7,26610,5,Chelsea,1.06123,1.18038,1.06123,0.0580765176564455,1,0,0.023129956796765327,0.0580765176564455
667015,0,0,0,0.0,73,10004,80,DMC,Romeo Lavia,h,0,0,667023,0,1,0,0.5455207824707031,0.6766745448112488,0.13115380704402924,7,26610,5,Chelsea,1.06123,1.18038,1.06123,0.5455207824707031,1,0,0.0,0.5455207824707031
667017,0,0,2,0.06220153346657753,90,8497,80,AMR,Cole Palmer,h,0,0,0,0,2,0,0.07600342482328415,0.3921412527561188,0.30680975317955017,11,26610,5,Chelsea,1.06123,1.18038,1.06123,0.13820495828986168,1,0,0.06220153346657753,0.13820495828986168
667018,0,0,3,0.2010864019393921,90,11356,80,AMC,Enzo Fernández,h,0,0,0,0,0,0,0.0,0.22421635687351227,0.023129956796765327,12,26610,5,Chelsea,1.06123,1.18038,1.06123,0.2010864019393921,1,0,0.2010864019393921,0.2010864019393921
667019,0,0,1,0.1259838342666626,65,3300,80,AML,Christopher Nkunku,h,0,0,667022,0,1,0,0.027254972606897354,0.22604088485240936,0.10005705058574677,13,26610,5,Chelsea,1.06123,1.18038,1.06123,0.15323880687355995,1,0,0.1259838342666626,0.15323880687355995
667020,0,0,1,0.5455207824707031,73,10048,80,FW,Nicolas Jackson,h,0,0,667024,0,2,0,0.1987859159708023,0.7715616226196289,0.027254972606897354,15,26610,5,Chelsea,1.06123,1.18038,1.06123,0.7443066984415054,1,0,0.5455207824707031,0.7443066984415054
667022,0,0,1,0.050429973751306534,25,6382,80,Sub,Pedro Neto,h,0,0,0,667019,2,0,0.12828432023525238,0.17871429026126862,0.10802385210990906,17,26610,5,Chelsea,1.06123,1.18038,1.06123,0.17871429398655891,1,0,0.050429973751306534,0.17871429398655891
667023,0,0,0,0.0,17,9739,80,Sub,Kiernan Dewsbury-Hall,h,0,0,0,667015,0,0,0.0,0,0,17,26610,5,Chelsea,1.06123,1.18038,1.06123,0.0,1,0,0.0,0.0
667021,0,0,0,0.0,4,11383,80,Sub,Renato Veiga,h,0,0,0,667014,0,0,0.0,0,0,17,26610,5,Chelsea,1.06123,1.18038,1.06123,0.0,1,0,0.0,0.0
667024,0,0,0,0.0,17,11633,80,Sub,Marc Guiu,h,0,0,0,667020,0,0,0.0,0,0,17,26610,5,Chelsea,1.06123,1.18038,1.06123,0.0,1,0,0.0,0.0
666809,0,0,0,0.0,90,7702,78,GK,Dean Henderson,a,0,0,0,0,0,0,0.0,0,0,1,26609,6,Crystal Palace,1.38064,1.14757,1.14757,0.0,1,0,0.0,0.0
666811,0,0,0,0.0,87,8430,78,DC,Chris Richards,a,1,0,666824,0,0,0,0.0,0.09878551214933395,0.09878551214933395,3,26609,6,Crystal Palace,1.38064,1.14757,1.14757,0.0,1,0,0.0,0.0
666812,0,0,0,0.0,90,7603,78,DC,Marc Guehi,a,1,0,0,0,0,0,0.0,0.11339995265007019,0.11339995265007019,3,26609,6,Crystal Palace,1.38064,1.14757,1.14757,0.0,1,0,0.0,0.0
666810,0,0,1,0.03229977563023567,90,6314,78,DC,Joachim Andersen,a,1,0,0,0,0,0,0.0,0.14569972455501556,0.14569972455501556,3,26609,6,Crystal Palace,1.38064,1.14757,1.14757,0.03229977563023567,1,0,0.03229977563023567,0.03229977563023567
666813,0,0,0,0.0,90,12408,78,DMR,Daniel Muñoz,a,0,0,0,0,1,0,0.03229977563023567,0.15586356818675995,0.12356379628181458,5,26609,6,Crystal Palace,1.38064,1.14757,1.14757,0.03229977563023567,1,0,0.0,0.03229977563023567
666814,0,0,1,0.06253562122583389,90,8214,78,DML,Tyrick Mitchell,a,0,0,0,0,2,0,0.16463197767734528,0.8054159283638,0.6770338416099548,6,26609,6,Crystal Palace,1.38064,1.14757,1.14757,0.22716759890317917,1,0,0.06253562122583389,0.22716759890317917
666816,0,0,0,0.0,87,6104,78,MC,Will Hughes,a,0,0,666823,0,1,0,0.017279094085097313,0.15545733273029327,0.15545733273029327,9,26609,6,Crystal Palace,1.38064,1.14757,1.14757,0.017279094085097313,1,0,0.0,0.017279094085097313
666815,0,0,3,0.07220614701509476,77,12409,78,MC,Adam Wharton,a,0,0,666820,0,0,0,0.0,0.031893540173769,0.01461444515734911,9,26609,6,Crystal Palace,1.38064,1.14757,1.14757,0.07220614701509476,1,0,0.07220614701509476,0.07220614701509476
666817,0,0,0,0.0,73,6145,78,AMC,Daichi Kamada,a,1,0,666822,0,2,0,0.054927051067352295,0.01461444515734911,0,12,26609,6,Crystal Palace,1.38064,1.14757,1.14757,0.054927051067352295,1,0,0.0,0.054927051067352295
666818,0,0,7,0.43607187271118164,90,8706,78,AMC,Eberechi Eze,a,0,0,0,0,0,0,0.0,0.370917946100235,0.06419331580400467,12,26609,6,Crystal Palace,1.38064,1.14757,1.14757,0.43607187271118164,1,0,0.43607187271118164,0.43607187271118164
666819,0,0,0,0.0,49,5735,78,FW,Jean-Philippe Mateta,a,0,0,666821,0,0,0,0.0,0.03229977563023567,0.03229977563023567,15,26609,6,Crystal Palace,1.38064,1.14757,1.14757,0.0,1,0,0.0,0.0
666822,0,0,1,0.5140550136566162,17,672,78,Sub,Jordan Ayew,a,1,0,0,666817,1,0,0.03039775788784027,0.6350775361061096,0.6046797633171082,17,26609,6,Crystal Palace,1.38064,1.14757,1.14757,0.5444527715444565,1,0,0.5140550136566162,0.5444527715444565
666820,0,0,0,0.0,13,2182,78,Sub,Jefferson Lerma,a,0,0,0,666815,1,0,0.5140550136566162,0.5140550136566162,0.5140550136566162,17,26609,6,Crystal Palace,1.38064,1.14757,1.14757,0.5140550136566162,1,0,0.0,0.5140550136566162
666823,0,0,0,0.0,3,8666,78,Sub,Cheick Oumar Doucoure,a,0,0,0,666816,0,0,0.0,0.5140550136566162,0.5140550136566162,17,26609,6,Crystal Palace,1.38064,1.14757,1.14757,0.0,1,0,0.0,0.0
666821,0,0,1,0.03039775788784027,41,3697,78,Sub,Odsonne Edouard,a,0,0,0,666819,1,0,0.02477828972041607,0.07245514541864395,0.017279094085097313,17,26609,6,Crystal Palace,1.38064,1.14757,1.14757,0.05517604760825634,1,0,0.03039775788784027,0.05517604760825634
666824,0,0,0,0.0,3,5675,78,Sub,Ismaila Sarr,a,0,0,0,666811,0,0,0.0,0.5140550136566162,0.5140550136566162,17,26609,6,Crystal Palace,1.38064,1.14757,1.14757,0.0,1,0,0.0,0.0
666325,0,0,0,0.0,90,741,72,GK,Jordan Pickford,h,0,0,0,0,0,0,0.0,0.11287607997655869,0.11287607997655869,1,26605,7,Everton,0.405325,1.79083,0.405325,0.0,1,0,0.0,0.0
666326,0,0,0,0.0,70,631,72,DR,Ashley Young,h,0,1,0,0,1,0,0.06423038989305496,0.06423038989305496,0,2,26605,7,Everton,0.405325,1.79083,0.405325,0.06423038989305496,1,0,0.0,0.06423038989305496
666328,0,0,1,0.007663548458367586,90,1665,72,DC,James Tarkowski,h,1,0,0,0,1,0,0.03568233549594879,0.14855840802192688,0.11287607997655869,3,26605,7,Everton,0.405325,1.79083,0.405325,0.04334588395431638,1,0,0.007663548458367586,0.04334588395431638
666327,0,0,1,0.009079660288989544,90,1653,72,DC,Michael Keane,h,0,0,0,0,0,0,0.0,0.1576380729675293,0.14855840802192688,3,26605,7,Everton,0.405325,1.79083,0.405325,0.009079660288989544,1,0,0.009079660288989544,0.009079660288989544
666329,0,0,0,0.0,90,10291,72,DL,Vitalii Mykolenko,h,0,0,0,0,0,0,0.0,0.11287607997655869,0.11287607997655869,4,26605,7,Everton,0.405325,1.79083,0.405325,0.0,1,0,0.0,0.0
666331,0,0,2,0.1044696643948555,90,9554,72,DMC,Tim Iroegbunam,h,0,0,0,0,0,0,0.0,0.1401520073413849,0.03568233549594879,7,26605,7,Everton,0.405325,1.79083,0.405325,0.1044696643948555,1,0,0.1044696643948555,0.1044696643948555
666330,0,0,1,0.011460813693702221,90,668,72,DMC,Idrissa Gueye,h,0,0,0,0,0,0,0.0,0.12433689087629318,0.11287607997655869,7,26605,7,Everton,0.405325,1.79083,0.405325,0.011460813693702221,1,0,0.011460813693702221,0.011460813693702221
666332,0,0,3,0.16035808622837067,89,8720,72,AMR,Jack Harrison,h,0,0,666338,0,1,0,0.11287607997655869,0.27323415875434875,0,11,26605,7,Everton,0.405325,1.79083,0.405325,0.27323416620492935,1,0,0.16035808622837067,0.27323416620492935
666333,0,0,1,0.11287607997655869,67,1726,72,AMC,Abdoulaye Doucouré,h,0,0,666337,0,0,0,0.0,0.11287607997655869,0,12,26605,7,Everton,0.405325,1.79083,0.405325,0.11287607997655869,1,0,0.11287607997655869,0.11287607997655869
666334,0,0,0,0.0,90,6756,72,AML,Dwight McNeil,h,0,0,0,0,1,0,0.007663548458367586,0.11287607997655869,0.11287607997655869,13,26605,7,Everton,0.405325,1.79083,0.405325,0.007663548458367586,1,0,0.0,0.007663548458367586
666335,0,0,0,0.0,80,5555,72,FW,Dominic Calvert-Lewin,h,0,0,666336,0,0,0,0.0,0,0,15,26605,7,Everton,0.405325,1.79083,0.405325,0.0,1,0,0.0,0.0
666337,0,0,0,0.0,23,9307,72,Sub,Iliman Ndiaye,h,0,0,0,666333,0,0,0.0,0,0,17,26605,7,Everton,0.405325,1.79083,0.405325,0.0,1,0,0.0,0.0
666338,0,0,0,0.0,1,985,72,Sub,Mason Holgate,h,0,0,0,666332,0,0,0.0,0,0,17,26605,7,Everton,0.405325,1.79083,0.405325,0.0,1,0,0.0,0.0
666336,0,0,0,0.0,10,9983,72,Sub,Beto,h,0,0,0,666335,0,0,0.0,0,0,17,26605,7,Everton,0.405325,1.79083,0.405325,0.0,1,0,0.0,0.0
666185,0,0,0,0.0,90,181,228,GK,Bernd Leno,a,0,0,0,0,0,0,0.0,0.036473482847213745,0.036473482847213745,1,26602,8,Fulham,2.04268,0.418711,0.418711,0.0,1,0,0.0,0.0
666186,0,0,2,0.08744418621063232,90,5973,228,DR,Kenny Tete,a,0,0,0,0,0,0,0.0,0.11577025055885315,0.0943298190832138,2,26602,8,Fulham,2.04268,0.418711,0.418711,0.08744418621063232,1,0,0.08744418621063232,0.08744418621063232
666187,0,0,0,0.0,90,3203,228,DC,Issa Diop,a,0,0,0,0,0,0,0.0,0.0943298190832138,0.0943298190832138,3,26602,8,Fulham,2.04268,0.418711,0.418711,0.0,1,0,0.0,0.0
666188,0,0,2,0.11599854379892349,90,11728,228,DC,Calvin Bassey,a,1,0,0,0,0,0,0.0,0.036473482847213745,0.036473482847213745,3,26602,8,Fulham,2.04268,0.418711,0.418711,0.11599854379892349,1,0,0.11599854379892349,0.11599854379892349
666189,0,0,0,0.0,90,8940,228,DL,Antonee Robinson,a,0,0,0,0,0,0,0.0,0.05791391059756279,0.05791391059756279,4,26602,8,Fulham,2.04268,0.418711,0.418711,0.0,1,0,0.0,0.0
666190,0,0,0,0.0,90,922,228,DMC,Andreas Pereira,a,1,0,666198,0,6,0,0.24563656747341156,0.09959518909454346,0.05785633623600006,7,26602,8,Fulham,2.04268,0.418711,0.418711,0.24563656747341156,1,0,0.0,0.24563656747341156
666191,0,0,0,0.0,90,1537,228,DMC,Sasa Lukic,a,0,0,666197,0,1,0,0.05785633623600006,0.11462824046611786,0.0567719042301178,7,26602,8,Fulham,2.04268,0.418711,0.418711,0.05785633623600006,1,0,0.0,0.05785633623600006
666192,0,0,3,0.11462824046611786,79,900,228,AMR,Adama Traoré,a,0,0,666200,0,0,0,0.0,0.1360686719417572,0.021440427750349045,11,26602,8,Fulham,2.04268,0.418711,0.418711,0.11462824046611786,1,0,0.11462824046611786,0.11462824046611786
666193,0,0,0,0.0,65,7230,228,AMC,Emile Smith-Rowe,a,0,0,666199,0,0,0,0.0,0,0,12,26602,8,Fulham,2.04268,0.418711,0.418711,0.0,1,0,0.0,0.0
666194,0,0,1,0.018717896193265915,90,500,228,AML,Alex Iwobi,a,0,0,0,0,0,0,0.0,0.036473482847213745,0.036473482847213745,13,26602,8,Fulham,2.04268,0.418711,0.418711,0.018717896193265915,1,0,0.018717896193265915,0.018717896193265915
666195,0,0,2,0.08192206919193268,79,10717,228,FW,Rodrigo Muniz,a,0,0,666196,0,2,0,0.07068104296922684,0.08101047575473785,0,15,26602,8,Fulham,2.04268,0.418711,0.418711,0.15260311216115952,1,0,0.08192206919193268,0.15260311216115952
666198,0,0,0,0.0,1,910,228,Sub,Harrison Reed,a,0,0,0,666190,0,0,0.0,0,0,17,26602,8,Fulham,2.04268,0.418711,0.418711,0.0,1,0,0.0,0.0
666196,0,0,0,0.0,11,4105,228,Sub,Raúl Jiménez,a,0,0,0,666195,0,0,0.0,0,0,17,26602,8,Fulham,2.04268,0.418711,0.418711,0.0,1,0,0.0,0.0
666199,0,0,0,0.0,25,6835,228,Sub,Tom Cairney,a,1,0,0,666193,0,0,0.0,0,0,17,26602,8,Fulham,2.04268,0.418711,0.418711,0.0,1,0,0.0,0.0
666197,0,0,0,0.0,1,10718,228,Sub,Jay Stansfield,a,0,0,0,666191,0,0,0.0,0,0,17,26602,8,Fulham,2.04268,0.418711,0.418711,0.0,1,0,0.0,0.0
666200,0,0,0,0.0,11,5596,228,Sub,Harry Wilson,a,0,0,0,666192,0,0,0.0,0,0,17,26602,8,Fulham,2.04268,0.418711,0.418711,0.0,1,0,0.0,0.0
666232,0,0,0,0.0,90,9251,285,GK,Christian Walton,h,0,0,0,0,0,0,0.0,0,0,1,26603,9,Ipswich,0.342601,3.92906,0.342601,0.0,1,0,0.0,0.0
666233,0,0,1,0.048458486795425415,75,934,285,DR,Axel Tuanzebe,h,0,0,666244,0,0,0,0.0,0,0,2,26603,9,Ipswich,0.342601,3.92906,0.342601,0.048458486795425415,1,0,0.048458486795425415,0.048458486795425415
666235,0,0,0,0.0,90,12746,285,DC,Luke Woolfenden,h,1,0,0,0,0,0,0.0,0,0,3,26603,9,Ipswich,0.342601,3.92906,0.342601,0.0,1,0,0.0,0.0
666234,0,0,2,0.10801282525062561,90,12745,285,DC,Jacob Greaves,h,0,0,0,0,0,0,0.0,0,0,3,26603,9,Ipswich,0.342601,3.92906,0.342601,0.10801282525062561,1,0,0.10801282525062561,0.10801282525062561
666236,0,0,0,0.0,90,8919,285,DL,Leif Davis,h,0,0,0,0,0,0,0.0,0,0,4,26603,9,Ipswich,0.342601,3.92906,0.342601,0.0,1,0,0.0,0.0
666238,0,0,0,0.0,90,12748,285,DMC,Sam Morsy,h,0,0,0,0,1,0,0.05428255349397659,0,0,7,26603,9,Ipswich,0.342601,3.92906,0.342601,0.05428255349397659,1,0,0.0,0.05428255349397659
666237,0,0,0,0.0,66,12747,285,DMC,Massimo Luongo,h,0,0,666246,0,0,0,0.0,0,0,7,26603,9,Ipswich,0.342601,3.92906,0.342601,0.0,1,0,0.0,0.0
666239,0,0,0,0.0,58,12749,285,AMR,Wes Burns,h,1,0,666247,0,0,0,0.0,0,0,11,26603,9,Ipswich,0.342601,3.92906,0.342601,0.0,1,0,0.0,0.0
666240,0,0,0,0.0,66,12750,285,AMC,Conor Chaplin,h,0,0,666245,0,0,0,0.0,0.08377160131931305,0.08377160131931305,12,26603,9,Ipswich,0.342601,3.92906,0.342601,0.0,1,0,0.0,0.0
666241,0,0,3,0.17048881947994232,90,10348,285,AML,Omari Hutchinson,h,1,0,0,0,0,0,0.0,0.17048881947994232,0.08377160131931305,13,26603,9,Ipswich,0.342601,3.92906,0.342601,0.17048881947994232,1,0,0.17048881947994232,0.17048881947994232
666242,0,0,0,0.0,75,8868,285,FW,Liam Delap,h,0,0,666243,0,2,0,0.12428340315818787,0.12428340315818787,0,15,26603,9,Ipswich,0.342601,3.92906,0.342601,0.12428340315818787,1,0,0.0,0.12428340315818787
666244,0,0,0,0.0,15,12752,285,Sub,Sammie Szmodics,h,0,0,0,666233,1,0,0.05373026803135872,0,0,17,26603,9,Ipswich,0.342601,3.92906,0.342601,0.05373026803135872,1,0,0.0,0.05373026803135872
666247,0,0,0,0.0,32,6424,285,Sub,Ben Johnson,h,0,0,0,666239,0,0,0.0,0,0,17,26603,9,Ipswich,0.342601,3.92906,0.342601,0.0,1,0,0.0,0.0
666245,0,0,0,0.0,24,12753,285,Sub,Marcus Harness,h,0,0,0,666240,0,0,0.0,0,0,17,26603,9,Ipswich,0.342601,3.92906,0.342601,0.0,1,0,0.0,0.0
666243,0,0,0,0.0,15,12751,285,Sub,Ali Al-Hamadi,h,0,0,0,666242,0,0,0.0,0,0,17,26603,9,Ipswich,0.342601,3.92906,0.342601,0.0,1,0,0.0,0.0
666246,0,0,1,0.0156412236392498,24,12754,285,Sub,Jack Taylor,h,0,0,0,666237,0,0,0.0,0,0,17,26603,9,Ipswich,0.342601,3.92906,0.342601,0.0156412236392498,1,0,0.0156412236392498,0.0156412236392498
667441,0,0,0,0.0,90,12910,75,GK,Mads Hermansen,h,0,0,0,0,0,0,0.0,0.34279879927635193,0.34279879927635193,1,26611,10,Leicester,1.02614,1.40775,1.02614,0.0,1,0,0.0,0.0
667442,0,0,1,0.060171615332365036,90,7753,75,DR,James Justin,h,0,0,0,0,0,0,0.0,0,0,2,26611,10,Leicester,1.02614,1.40775,1.02614,0.060171615332365036,1,0,0.060171615332365036,0.060171615332365036
667444,0,0,0,0.0,90,111,75,DC,Jannik Vestergaard,h,0,0,0,0,0,0,0.0,0.0739603042602539,0.0739603042602539,3,26611,10,Leicester,1.02614,1.40775,1.02614,0.0,1,0,0.0,0.0
667443,0,0,0,0.0,90,8646,75,DC,Wout Faes,h,1,0,0,0,0,0,0.0,0.34279879927635193,0.34279879927635193,3,26611,10,Leicester,1.02614,1.40775,1.02614,0.0,1,0,0.0,0.0
667445,0,0,0,0.0,90,11367,75,DL,Victor Kristiansen,h,0,0,0,0,0,0,0.0,0.8476024270057678,0.8476024270057678,4,26611,10,Leicester,1.02614,1.40775,1.02614,0.0,1,0,0.0,0.0
667447,0,0,0,0.0,90,971,75,DMC,Harry Winks,h,0,0,0,0,1,0,0.013084491714835167,0.34279879927635193,0.34279879927635193,7,26611,10,Leicester,1.02614,1.40775,1.02614,0.013084491714835167,1,0,0.0,0.013084491714835167
667446,0,0,2,0.09713661670684814,90,5545,75,DMC,Wilfred Ndidi,h,0,0,0,0,0,0,0.0,0.944739043712616,0.8476024270057678,7,26611,10,Leicester,1.02614,1.40775,1.02614,0.09713661670684814,1,0,0.09713661670684814,0.09713661670684814
667448,0,0,0,0.0,90,12911,75,AMR,Abdul Fatawu,h,0,0,0,0,2,1,0.5787639617919922,0.9215627908706665,0.34279879927635193,11,26611,10,Leicester,1.02614,1.40775,1.02614,0.5787639617919922,1,0,0.0,0.5787639617919922
667449,0,0,0,0.0,80,11362,75,AMC,Facundo Buonanotte,h,0,0,667452,0,1,0,0.34279879927635193,0.41675910353660583,0.41675910353660583,12,26611,10,Leicester,1.02614,1.40775,1.02614,0.34279879927635193,1,0,0.0,0.34279879927635193
667450,0,0,1,0.008144781924784184,87,6827,75,AML,Bobby Reid,h,0,0,667454,0,0,0,0.0,0.42490386962890625,0.41675910353660583,13,26611,10,Leicester,1.02614,1.40775,1.02614,0.008144781924784184,1,0,0.008144781924784184,0.008144781924784184
667451,1,0,2,0.8476024270057678,80,755,75,FW,Jamie Vardy,h,0,0,667453,0,0,0,0.0,0.8476024270057678,0,15,26611,10,Leicester,1.02614,1.40775,1.02614,0.8476024270057678,1,0,0.8476024270057678,0.8476024270057678
667453,0,0,0,0.0,10,7484,75,Sub,Stephy Mavididi,h,0,0,0,667451,1,0,0.02317630872130394,0.02317630872130394,0,17,26611,10,Leicester,1.02614,1.40775,1.02614,0.02317630872130394,1,0,0.0,0.02317630872130394
667454,0,0,1,0.013084491714835167,3,10166,75,Sub,Kasey McAteer,h,0,0,0,667450,0,0,0.0,0,0,17,26611,10,Leicester,1.02614,1.40775,1.02614,0.013084491714835167,1,0,0.013084491714835167,0.013084491714835167
667452,0,0,0,0.0,10,6310,75,Sub,Boubakary Soumare,h,0,0,0,667449,0,0,0.0,0,0,17,26611,10,Leicester,1.02614,1.40775,1.02614,0.0,1,0,0.0,0.0
666248,0,0,0,0.0,90,1257,87,GK,Alisson,a,0,0,0,0,0,0,0.0,1.898234486579895,1.898234486579895,1,26603,11,Liverpool,0.342601,3.92906,3.92906,0.0,1,0,0.0,0.0
666249,0,0,1,0.029116395860910416,78,1791,87,DR,Trent Alexander-Arnold,a,0,0,666262,0,3,0,1.1879421472549438,1.7536033391952515,1.2881778478622437,2,26603,11,Liverpool,0.342601,3.92906,3.92906,1.2170585431158543,1,0,0.029116395860910416,1.2170585431158543
666250,0,0,0,0.0,90,833,87,DC,Virgil van Dijk,a,0,0,0,0,0,0,0.0,1.1757177114486694,1.1757177114486694,3,26603,11,Liverpool,0.342601,3.92906,3.92906,0.0,1,0,0.0,0.0
666251,0,0,0,0.0,47,10187,87,DC,Jarell Quansah,a,0,0,666259,0,0,0,0.0,0,0,3,26603,11,Liverpool,0.342601,3.92906,3.92906,0.0,1,0,0.0,0.0
666252,0,0,0,0.0,80,1688,87,DL,Andrew Robertson,a,0,0,666260,0,1,0,0.04818877577781677,1.798518180847168,1.798518180847168,4,26603,11,Liverpool,0.342601,3.92906,3.92906,0.04818877577781677,1,0,0.0,0.04818877577781677
666253,0,0,2,0.07009819895029068,90,8379,87,DMC,Alexis Mac Allister,a,0,0,0,0,0,0,0.0,1.2202929258346558,1.1668593883514404,7,26603,11,Liverpool,0.342601,3.92906,3.92906,0.07009819895029068,1,0,0.07009819895029068,0.07009819895029068
666254,0,0,0,0.0,90,10697,87,DMC,Ryan Gravenberch,a,0,0,0,0,0,0,0.0,1.057374358177185,1.057374358177185,7,26603,11,Liverpool,0.342601,3.92906,3.92906,0.0,1,0,0.0,0.0
666255,1,0,4,1.0967350006103516,90,1250,87,AMR,Mohamed Salah,a,0,0,0,0,2,1,0.47715306282043457,1.6116441488265991,0.5260607004165649,11,26603,11,Liverpool,0.342601,3.92906,3.92906,1.5738880634307861,1,0,1.0967350006103516,1.5738880634307861
666256,0,0,4,0.27146223187446594,90,9788,87,AMC,Dominik Szoboszlai,a,0,0,0,0,3,0,0.5673336982727051,2.775266408920288,1.9994502067565918,12,26603,11,Liverpool,0.342601,3.92906,3.92906,0.838795930147171,1,0,0.27146223187446594,0.838795930147171
666257,0,0,3,0.9157669544219971,90,10408,87,AML,Luis Díaz,a,0,0,0,0,3,0,0.6928834915161133,2.6257569789886475,1.057374358177185,13,26603,11,Liverpool,0.342601,3.92906,3.92906,1.6086504459381104,1,0,0.9157669544219971,1.6086504459381104
666258,1,0,3,0.911557674407959,80,6854,87,FW,Diogo Jota,a,0,0,666261,0,0,0,0.0,1.71662437915802,0.805066704750061,15,26603,11,Liverpool,0.342601,3.92906,3.92906,0.911557674407959,1,0,0.911557674407959,0.911557674407959
666261,0,0,0,0.0,10,11296,87,Sub,Cody Gakpo,a,1,0,0,666258,1,0,0.12883269786834717,0.12883269786834717,0.12883269786834717,17,26603,11,Liverpool,0.342601,3.92906,3.92906,0.12883269786834717,1,0,0.0,0.12883269786834717
666259,0,0,0,0.0,43,6326,87,Sub,Ibrahima Konaté,a,0,0,0,666251,0,0,0.0,1.809726357460022,1.809726357460022,17,26603,11,Liverpool,0.342601,3.92906,3.92906,0.0,1,0,0.0,0.0
666262,0,0,2,0.6405927538871765,12,10120,87,Sub,Conor Bradley,a,0,0,0,666249,0,0,0.0,0.9519128799438477,0.31132009625434875,17,26603,11,Liverpool,0.342601,3.92906,3.92906,0.6405927538871765,1,0,0.6405927538871765,0.6405927538871765
666260,0,0,0,0.0,10,8852,87,Sub,Konstantinos Tsimikas,a,0,0,0,666252,0,0,0.0,0.12883269786834717,0.12883269786834717,17,26603,11,Liverpool,0.342601,3.92906,3.92906,0.0,1,0,0.0,0.0
667025,0,0,0,0.0,90,6054,88,GK,Ederson,a,0,0,0,0,0,0,0.0,0.6200194954872131,0.6200194954872131,1,26610,12,Manchester City,1.06123,1.18038,1.18038,0.0,1,0,0.0,0.0
667028,0,0,0,0.0,90,6490,88,DC,Manuel Akanji,a,0,0,0,0,0,0,0.0,0.5801727771759033,0.5801727771759033,3,26610,12,Manchester City,1.06123,1.18038,1.18038,0.0,1,0,0.0,0.0
667026,0,0,1,0.046097420156002045,90,9790,88,DC,Josko Gvardiol,a,0,0,0,0,0,0,0.0,0.7441374063491821,0.7441374063491821,3,26610,12,Manchester City,1.06123,1.18038,1.18038,0.046097420156002045,1,0,0.046097420156002045,0.046097420156002045
667027,0,0,0,0.0,90,8961,88,DC,Rúben Dias,a,0,0,0,0,0,0,0.0,0.6972454786300659,0.6972454786300659,3,26610,12,Manchester City,1.06123,1.18038,1.18038,0.0,1,0,0.0,0.0
667030,0,0,0,0.0,90,10847,88,DMC,Rico Lewis,a,0,0,0,0,0,0,0.0,0.15827630460262299,0.15827630460262299,7,26610,12,Manchester City,1.06123,1.18038,1.18038,0.0,1,0,0.0,0.0
667029,1,0,2,0.08939949423074722,90,2254,88,DMC,Mateo Kovacic,a,0,0,0,0,0,0,0.0,0.2476758062839508,0.15827630460262299,7,26610,12,Manchester City,1.06123,1.18038,1.18038,0.08939949423074722,1,0,0.08939949423074722,0.08939949423074722
667031,0,0,2,0.1034739688038826,90,8981,88,AMR,Jéremy Doku,a,0,0,0,0,1,0,0.046097420156002045,0.6836467385292053,0.5801727771759033,11,26610,12,Manchester City,1.06123,1.18038,1.18038,0.14957138895988464,1,0,0.1034739688038826,0.14957138895988464
667033,0,0,2,0.19762419164180756,90,3635,88,AMC,Bernardo Silva,a,0,0,0,0,3,1,0.7025853991508484,0.9002096056938171,0,12,26610,12,Manchester City,1.06123,1.18038,1.18038,0.900209590792656,1,0,0.19762419164180756,0.900209590792656
667032,0,0,2,0.088095523416996,90,447,88,AMC,Kevin De Bruyne,a,0,0,0,0,1,0,0.08055149018764496,0.16864702105522156,0,12,26610,12,Manchester City,1.06123,1.18038,1.18038,0.16864701360464096,1,0,0.088095523416996,0.16864701360464096
667034,0,0,0,0.0,52,11735,88,AML,Sávio,a,0,0,667036,0,3,0,0.1981230527162552,0.1981230527162552,0.041203610599040985,13,26610,12,Manchester City,1.06123,1.18038,1.18038,0.1981230527162552,1,0,0.0,0.1981230527162552
667035,1,0,2,0.6556934714317322,90,8260,88,FW,Erling Haaland,a,1,0,0,0,0,0,0.0,0.6556934714317322,0,15,26610,12,Manchester City,1.06123,1.18038,1.18038,0.6556934714317322,1,0,0.6556934714317322,0.6556934714317322
667036,0,0,0,0.0,38,6055,88,Sub,Phil Foden,a,0,0,0,667034,0,0,0.0,0,0,17,26610,12,Manchester City,1.06123,1.18038,1.18038,0.0,1,0,0.0,0.0
666169,0,0,0,0.0,90,10913,89,GK,André Onana,h,0,0,0,0,0,0,0.0,0.14530973136425018,0.14530973136425018,1,26602,13,Manchester United,2.04268,0.418711,2.04268,0.0,1,0,0.0,0.0
666170,0,0,0,0.0,82,10696,89,DR,Noussair Mazraoui,h,0,0,666181,0,0,0,0.0,0.08185946941375732,0.08185946941375732,2,26602,13,Manchester United,2.04268,0.418711,2.04268,0.0,1,0,0.0,0.0
666172,0,0,0,0.0,82,1687,89,DC,Harry Maguire,h,1,0,666184,0,0,0,0.0,0.050078392028808594,0.050078392028808594,3,26602,13,Manchester United,2.04268,0.418711,2.04268,0.0,1,0,0.0,0.0
666171,0,0,0,0.0,90,10802,89,DC,Lisandro Martínez,h,0,0,0,0,1,0,0.050078392028808594,0.5258881449699402,0.5258881449699402,3,26602,13,Manchester United,2.04268,0.418711,2.04268,0.050078392028808594,1,0,0.0,0.050078392028808594
666173,0,0,0,0.0,90,7281,89,DL,Diogo Dalot,h,0,0,0,0,0,0,0.0,0.19604240357875824,0.19604240357875824,4,26602,13,Manchester United,2.04268,0.418711,2.04268,0.0,1,0,0.0,0.0
666175,0,0,1,0.029925644397735596,85,11174,89,DMC,Kobbie Mainoo,h,0,0,666183,0,0,0,0.0,0.10081107169389725,0.07088542729616165,7,26602,13,Manchester United,2.04268,0.418711,2.04268,0.029925644397735596,1,0,0.029925644397735596,0.029925644397735596
666174,0,0,3,0.10960587114095688,90,2248,89,DMC,Casemiro,h,0,0,0,0,3,0,0.7596358060836792,0.9763396978378296,0.15693806111812592,7,26602,13,Manchester United,2.04268,0.418711,2.04268,0.8692416772246361,1,0,0.10960587114095688,0.8692416772246361
666176,0,0,0,0.0,62,8127,89,AMR,Amad Diallo Traore,h,0,0,666180,0,1,0,0.01805894263088703,0,0,11,26602,13,Manchester United,2.04268,0.418711,2.04268,0.01805894263088703,1,0,0.0,0.01805894263088703
666177,0,0,1,0.46622347831726074,62,7768,89,AMC,Mason Mount,h,1,0,666182,0,2,0,0.050732679665088654,0.9871191382408142,0.4701629877090454,12,26602,13,Manchester United,2.04268,0.418711,2.04268,0.5169561579823494,1,0,0.46622347831726074,0.5169561579823494
666178,0,0,0,0.0,90,556,89,AML,Marcus Rashford,h,0,0,0,0,1,0,0.3805783987045288,0.505109965801239,0.1245315670967102,13,26602,13,Manchester United,2.04268,0.418711,2.04268,0.3805783987045288,1,0,0.0,0.3805783987045288
666179,0,0,6,0.9378859996795654,90,1228,89,FW,Bruno Fernandes,h,0,0,0,0,0,0,0.0,1.0838500261306763,0.14596402645111084,15,26602,13,Manchester United,2.04268,0.418711,2.04268,0.9378859996795654,1,0,0.9378859996795654,0.9378859996795654
666181,0,0,0,0.0,8,7902,89,Sub,Matthijs de Ligt,h,0,0,0,666170,0,0,0.0,0,0,17,26602,13,Manchester United,2.04268,0.418711,2.04268,0.0,1,0,0.0,0.0
666184,0,0,0,0.0,8,807,89,Sub,Jonny Evans,h,0,0,0,666172,0,0,0.0,0,0,17,26602,13,Manchester United,2.04268,0.418711,2.04268,0.0,1,0,0.0,0.0
666182,1,0,1,0.09523133933544159,28,8044,89,Sub,Joshua Zirkzee,h,0,0,0,666177,0,0,0.0,0.1898372620344162,0.09460592269897461,17,26602,13,Manchester United,2.04268,0.418711,2.04268,0.09523133933544159,1,0,0.09523133933544159,0.09523133933544159
666180,0,0,2,0.4038030505180359,28,10552,89,Sub,Alejandro Garnacho,h,0,0,0,666176,2,1,0.1898372620344162,0.6021967530250549,0.03178107738494873,17,26602,13,Manchester United,2.04268,0.418711,2.04268,0.5936403125524521,1,0,0.4038030505180359,0.5936403125524521
666183,0,0,0,0.0,5,5560,89,Sub,Scott McTominay,h,0,0,0,666175,0,0,0.0,0,0,17,26602,13,Manchester United,2.04268,0.418711,2.04268,0.0,1,0,0.0,0.0
666355,0,0,0,0.0,90,5552,86,GK,Nick Pope,h,0,0,0,0,0,0,0.0,0,0,1,26606,14,Newcastle United,0.433489,1.95483,0.433489,0.0,1,0,0.0,0.0
666356,0,0,0,0.0,90,9512,86,DR,Valentino Livramento,h,0,0,0,0,0,0,0.0,0,0,2,26606,14,Newcastle United,0.433489,1.95483,0.433489,0.0,1,0,0.0,0.0
666358,0,0,0,0.0,90,7382,86,DC,Dan Burn,h,1,0,0,0,0,0,0.0,0,0,3,26606,14,Newcastle United,0.433489,1.95483,0.433489,0.0,1,0,0.0,0.0
666357,0,0,1,0.03689849376678467,27,76,86,DC,Fabian Schär,h,0,1,0,0,0,0,0.0,0,0,3,26606,14,Newcastle United,0.433489,1.95483,0.433489,0.03689849376678467,1,0,0.03689849376678467,0.03689849376678467
666359,0,0,0,0.0,74,10216,86,DL,Lewis Hall,h,1,0,666368,0,1,0,0.036317985504865646,0,0,4,26606,14,Newcastle United,0.433489,1.95483,0.433489,0.036317985504865646,1,0,0.0,0.036317985504865646
666361,0,0,0,0.0,90,8327,86,MC,Bruno Guimarães,h,0,0,0,0,0,0,0.0,0,0,9,26606,14,Newcastle United,0.433489,1.95483,0.433489,0.0,1,0,0.0,0.0
666362,0,0,0,0.0,90,7078,86,MC,Sean Longstaff,h,0,0,0,0,0,0,0.0,0,0,9,26606,14,Newcastle United,0.433489,1.95483,0.433489,0.0,1,0,0.0,0.0
666360,1,0,2,0.396590918302536,90,87,86,MC,Joelinton,h,0,0,0,0,0,0,0.0,0.36027294397354126,0,9,26606,14,Newcastle United,0.433489,1.95483,0.433489,0.396590918302536,1,0,0.396590918302536,0.396590918302536
666363,0,0,0,0.0,29,6063,86,FWR,Jacob Murphy,h,0,0,666366,0,0,0,0.0,0,0,14,26606,14,Newcastle United,0.433489,1.95483,0.433489,0.0,1,0,0.0,0.0
666364,0,0,0,0.0,90,5232,86,FW,Alexander Isak,h,0,0,0,0,1,1,0.36027294397354126,0.36027294397354126,0,15,26606,14,Newcastle United,0.433489,1.95483,0.433489,0.36027294397354126,1,0,0.0,0.36027294397354126
666365,0,0,0,0.0,74,8150,86,FWL,Anthony Gordon,h,0,0,666367,0,1,0,0.03689849376678467,0,0,16,26606,14,Newcastle United,0.433489,1.95483,0.433489,0.03689849376678467,1,0,0.0,0.03689849376678467
666367,0,0,0,0.0,16,6681,86,Sub,Harvey Barnes,h,0,0,0,666365,0,0,0.0,0,0,17,26606,14,Newcastle United,0.433489,1.95483,0.433489,0.0,1,0,0.0,0.0
666368,0,0,0,0.0,16,8090,86,Sub,Lloyd Kelly,h,0,0,0,666359,0,0,0.0,0,0,17,26606,14,Newcastle United,0.433489,1.95483,0.433489,0.0,1,0,0.0,0.0
666366,0,0,0,0.0,61,1545,86,Sub,Emil Krafth,h,0,0,0,666363,0,0,0.0,0,0,17,26606,14,Newcastle United,0.433489,1.95483,0.433489,0.0,1,0,0.0,0.0
666385,0,0,0,0.0,90,6903,249,GK,Matz Sels,h,0,0,0,0,0,0,0.0,0,0,1,26607,15,Nottingham Forest,1.24405,1.90915,1.24405,0.0,1,0,0.0,0.0
666386,0,0,1,0.07393660396337509,90,8204,249,DR,Neco Williams,h,1,0,0,0,2,0,0.1802545040845871,0.27068638801574707,0.08859403431415558,2,26607,15,Nottingham Forest,1.24405,1.90915,1.24405,0.2541911080479622,1,0,0.07393660396337509,0.2541911080479622
666388,0,0,1,0.08295150846242905,90,6850,249,DC,Willy Boly,h,0,0,0,0,0,0,0.0,0.08671405166387558,0.08671405166387558,3,26607,15,Nottingham Forest,1.24405,1.90915,1.24405,0.08295150846242905,1,0,0.08295150846242905,0.08295150846242905
666387,0,0,0,0.0,90,12123,249,DC,Murillo,h,0,0,0,0,0,0,0.0,0.12465103715658188,0.12465103715658188,3,26607,15,Nottingham Forest,1.24405,1.90915,1.24405,0.0,1,0,0.0,0.0
666389,0,0,1,0.017010046169161797,65,725,249,DL,Ola Aina,h,0,0,666399,0,0,0,0.0,0.05010702833533287,0.05010702833533287,4,26607,15,Nottingham Forest,1.24405,1.90915,1.24405,0.017010046169161797,1,0,0.017010046169161797,0.017010046169161797
666391,0,0,0,0.0,14,11317,249,DMC,Danilo,h,0,0,666398,0,0,0,0.0,0,0,7,26607,15,Nottingham Forest,1.24405,1.90915,1.24405,0.0,1,0,0.0,0.0
666390,0,0,0,0.0,90,5722,249,DMC,Ibrahim Sangare,h,0,0,0,0,0,0,0.0,0.16218334436416626,0.16218334436416626,7,26607,15,Nottingham Forest,1.24405,1.90915,1.24405,0.0,1,0,0.0,0.0
666392,0,0,1,0.01649528183043003,65,9524,249,AMR,Anthony Elanga,h,0,0,666396,0,2,0,0.1566866785287857,0.18978366255760193,0.09935177862644196,11,26607,15,Nottingham Forest,1.24405,1.90915,1.24405,0.17318196035921574,1,0,0.01649528183043003,0.17318196035921574
666393,0,0,2,0.08870045095682144,90,6857,249,AMC,Morgan Gibbs-White,h,0,0,0,0,3,0,0.12021937966346741,0.4421979784965515,0.24977342784404755,12,26607,15,Nottingham Forest,1.24405,1.90915,1.24405,0.20891983062028885,1,0,0.08870045095682144,0.20891983062028885
666394,0,0,2,0.11551877856254578,84,6456,249,AML,Callum Hudson-Odoi,h,0,0,666400,0,3,0,0.14192551374435425,0.2079981118440628,0.07587763667106628,13,26607,15,Nottingham Forest,1.24405,1.90915,1.24405,0.2574442923069,1,0,0.11551877856254578,0.2574442923069
666395,1,0,1,0.5572144389152527,83,4456,249,FW,Chris Wood,h,0,0,666397,0,0,0,0.0,0.5737097263336182,0.01649528183043003,15,26607,15,Nottingham Forest,1.24405,1.90915,1.24405,0.5572144389152527,1,0,0.5572144389152527,0.5572144389152527
666397,0,0,1,0.108155757188797,7,7814,249,Sub,Taiwo Awoniyi,h,0,0,0,666395,0,0,0.0,0.20285433530807495,0.09469857811927795,17,26607,15,Nottingham Forest,1.24405,1.90915,1.24405,0.108155757188797,1,0,0.108155757188797,0.108155757188797
666400,0,0,0,0.0,6,9154,249,Sub,Elliot Anderson,h,0,0,0,666394,0,0,0.0,0,0,17,26607,15,Nottingham Forest,1.24405,1.90915,1.24405,0.0,1,0,0.0,0.0
666398,0,0,3,0.2022142857313156,76,11003,249,Sub,Ryan Yates,h,0,0,0,666391,1,0,0.022599829360842705,0.34946516156196594,0.12465103715658188,17,26607,15,Nottingham Forest,1.24405,1.90915,1.24405,0.22481411509215832,1,0,0.2022142857313156,0.22481411509215832
666396,0,0,0,0.0,25,8252,249,Sub,Nicolás Domínguez,h,0,0,0,666392,0,0,0.0,0.15881279110908508,0.15881279110908508,17,26607,15,Nottingham Forest,1.24405,1.90915,1.24405,0.0,1,0,0.0,0.0
666399,0,0,1,0.022599829360842705,25,10758,249,Sub,Harry Toffolo,h,0,0,0,666389,0,0,0.0,0.022599829360842705,0,17,26607,15,Nottingham Forest,1.24405,1.90915,1.24405,0.022599829360842705,1,0,0.022599829360842705,0.022599829360842705
666369,0,0,0,0.0,90,635,74,GK,Alex McCarthy,a,0,0,0,0,0,0,0.0,0.4697476029396057,0.4697476029396057,1,26606,16,Southampton,0.433489,1.95483,1.95483,0.0,1,0,0.0,0.0
666370,0,0,0,0.0,85,6042,74,DC,Jan Bednarek,a,0,0,666383,0,1,0,0.0503203310072422,0.9491878747940063,0.9491878747940063,3,26606,16,Southampton,0.433489,1.95483,1.95483,0.0503203310072422,1,0,0.0,0.0503203310072422
666371,0,0,0,0.0,90,1735,74,DC,Jack Stephens,a,1,0,0,0,1,0,0.027181804180145264,0.1353742629289627,0.1353742629289627,3,26606,16,Southampton,0.433489,1.95483,1.95483,0.027181804180145264,1,0,0.0,0.027181804180145264
666372,0,0,0,0.0,90,8495,74,DC,Taylor Harwood-Bellis,a,1,0,0,0,1,0,0.0185290165245533,0.6051218509674072,0.6051218509674072,3,26606,16,Southampton,0.433489,1.95483,1.95483,0.0185290165245533,1,0,0.0,0.0185290165245533
666373,0,0,0,0.0,50,12761,74,DMR,Yukinari Sugawara,a,0,0,666381,0,1,0,0.40193817019462585,0.40193817019462585,0,5,26606,16,Southampton,0.433489,1.95483,1.95483,0.40193817019462585,1,0,0.0,0.40193817019462585
666374,0,0,2,0.07183241099119186,85,885,74,DML,Kyle Walker-Peters,a,0,0,666384,0,0,0,0.0,0.5531872510910034,0.5028669238090515,6,26606,16,Southampton,0.433489,1.95483,1.95483,0.07183241099119186,1,0,0.07183241099119186,0.07183241099119186
666375,0,0,4,0.2582741677761078,90,8224,74,MC,William Smallbone,a,0,0,0,0,0,0,0.0,1.2138007879257202,1.1274915933609009,9,26606,16,Southampton,0.433489,1.95483,1.95483,0.2582741677761078,1,0,0.2582741677761078,0.2582741677761078
666376,0,0,1,0.03836316242814064,74,10766,74,MC,Joe Ayodele-Aribo,a,0,0,666382,0,2,0,0.5928481221199036,0.9285779595375061,0.42046716809272766,9,26606,16,Southampton,0.433489,1.95483,1.95483,0.6312112845480442,1,0,0.03836316242814064,0.6312112845480442
666377,0,0,1,0.07251161336898804,90,10845,74,MC,Flynn Downes,a,0,0,0,0,3,0,0.1336221843957901,1.255821943283081,1.0712002515792847,9,26606,16,Southampton,0.433489,1.95483,1.95483,0.20613379776477814,1,0,0.07251161336898804,0.20613379776477814
666378,0,0,2,0.8108593821525574,75,11815,74,FW,Ben Brereton Díaz,a,1,0,666380,0,1,0,0.07679979503154755,0.9333699941635132,0.04571082070469856,15,26606,16,Southampton,0.433489,1.95483,1.95483,0.8876591771841049,1,0,0.8108593821525574,0.8876591771841049
666379,0,0,5,0.6972556710243225,90,4419,74,FW,Adam Armstrong,a,0,0,0,0,1,0,0.07251161336898804,0.7697672843933105,0.4697476029396057,15,26606,16,Southampton,0.433489,1.95483,1.95483,0.7697672843933105,1,0,0.6972556710243225,0.7697672843933105
666381,0,0,0,0.0,40,10072,74,Sub,Samuel Edozie,a,1,0,0,666373,1,0,0.08171311765909195,0.6017810702323914,0.5200679302215576,17,26606,16,Southampton,0.433489,1.95483,1.95483,0.08171311765909195,1,0,0.0,0.08171311765909195
666384,0,0,1,0.039343107491731644,5,11297,74,Sub,Carlos Alcaraz,a,0,0,0,666374,1,0,0.05025682970881462,0.07209058851003647,0.032747477293014526,17,26606,16,Southampton,0.433489,1.95483,1.95483,0.08959993720054626,1,0,0.039343107491731644,0.08959993720054626
666382,0,0,0,0.0,16,10586,74,Sub,Tyler Dibling,a,0,0,0,666376,1,0,0.032747477293014526,0.12241091579198837,0.08966343849897385,17,26606,16,Southampton,0.433489,1.95483,1.95483,0.032747477293014526,1,0,0.0,0.032747477293014526
666380,0,0,2,0.13196994364261627,15,9912,74,Sub,Cameron Archer,a,0,0,0,666378,0,0,0.0,0.08171311765909195,0,17,26606,16,Southampton,0.433489,1.95483,1.95483,0.13196994364261627,1,0,0.13196994364261627,0.13196994364261627
666383,0,0,1,0.032747477293014526,5,11618,74,Sub,Samuel Amo-Ameyaw,a,0,0,0,666370,1,0,0.039343107491731644,0.07209058851003647,0,17,26606,16,Southampton,0.433489,1.95483,1.95483,0.07209058478474617,1,0,0.032747477293014526,0.07209058478474617
667455,0,0,0,0.0,90,8858,82,GK,Guglielmo Vicario,a,0,0,0,0,0,0,0.0,0.22061003744602203,0.22061003744602203,1,26611,17,Tottenham,1.02614,1.40775,1.40775,0.0,1,0,0.0,0.0
667456,1,0,1,0.13595882058143616,90,6912,82,DR,Pedro Porro,a,0,0,667469,0,4,0,0.26273658871650696,0.5383501648902893,0.40239134430885315,2,26611,17,Tottenham,1.02614,1.40775,1.40775,0.3986954092979431,1,0,0.13595882058143616,0.3986954092979431
667457,0,0,1,0.10307934880256653,90,7218,82,DC,Cristian Romero,a,0,0,0,0,0,0,0.0,0.23890811204910278,0.23890811204910278,3,26611,17,Tottenham,1.02614,1.40775,1.40775,0.10307934880256653,1,0,0.10307934880256653,0.10307934880256653
667458,0,0,0,0.0,90,10050,82,DC,Micky van de Ven,a,0,0,0,0,0,0,0.0,0.23890811204910278,0.23890811204910278,3,26611,17,Tottenham,1.02614,1.40775,1.40775,0.0,1,0,0.0,0.0
667459,0,0,0,0.0,90,8831,82,DL,Iyenoma Destiny Udogie,a,0,0,0,0,0,0,0.0,0.3055684268474579,0.3055684268474579,4,26611,17,Tottenham,1.02614,1.40775,1.40775,0.0,1,0,0.0,0.0
667461,0,0,3,0.18618297576904297,79,6108,82,MC,Rodrigo Bentancur,a,1,0,667470,0,0,0,0.0,0.4053367078304291,0.2726382911205292,9,26611,17,Tottenham,1.02614,1.40775,1.40775,0.18618297576904297,1,0,0.18618297576904297,0.18618297576904297
667462,0,0,1,0.06666029989719391,80,6818,82,MC,James Maddison,a,0,0,667468,0,3,1,0.1993398219347,0.45369893312454224,0.38703861832618713,9,26611,17,Tottenham,1.02614,1.40775,1.40775,0.2660001218318939,1,0,0.06666029989719391,0.2660001218318939
667460,0,0,1,0.019326454028487206,79,9021,82,MC,Pape Sarr,a,0,0,667471,0,1,0,0.11838139593601227,0.2736666798591614,0.25434020161628723,9,26611,17,Tottenham,1.02614,1.40775,1.40775,0.13770784996449947,1,0,0.019326454028487206,0.13770784996449947
667463,0,0,2,0.07085844874382019,79,10760,82,FWR,Brennan Johnson,a,0,0,667467,0,1,0,0.1326984018087387,0.1993587166070938,0.1993587166070938,14,26611,17,Tottenham,1.02614,1.40775,1.40775,0.2035568505525589,1,0,0.07085844874382019,0.2035568505525589
667464,0,0,3,0.39078816771507263,90,1679,82,FW,Dominic Solanke,a,0,0,0,0,1,0,0.08465122431516647,0.20303262770175934,0,15,26611,17,Tottenham,1.02614,1.40775,1.40775,0.4754393920302391,1,0,0.39078816771507263,0.4754393920302391
667465,0,0,1,0.026130743324756622,90,453,82,FWL,Son Heung-Min,a,0,0,667466,0,2,0,0.24037182331085205,0.3055684268474579,0.28727033734321594,16,26611,17,Tottenham,1.02614,1.40775,1.40775,0.2665025666356087,1,0,0.026130743324756622,0.2665025666356087
667467,0,0,0,0.0,11,65,82,Sub,Timo Werner,a,0,0,0,667463,0,0,0.0,0.08465122431516647,0.08465122431516647,17,26611,17,Tottenham,1.02614,1.40775,1.40775,0.0,1,0,0.0,0.0
667470,0,0,0,0.0,11,10184,82,Sub,Archie Gray,a,0,0,0,667461,0,0,0.0,0.08465122431516647,0.08465122431516647,17,26611,17,Tottenham,1.02614,1.40775,1.40775,0.0,1,0,0.0,0.0
667468,0,0,0,0.0,10,6691,82,Sub,Dejan Kulusevski,a,0,0,0,667462,0,0,0.0,0.08465122431516647,0.08465122431516647,17,26611,17,Tottenham,1.02614,1.40775,1.40775,0.0,1,0,0.0,0.0
667471,0,0,1,0.08465122431516647,11,12912,82,Sub,Lucas Bergvall,a,0,0,0,667460,1,0,0.3241162896156311,0.08465122431516647,0,17,26611,17,Tottenham,1.02614,1.40775,1.40775,0.4087675139307976,1,0,0.08465122431516647,0.4087675139307976
667466,0,0,1,0.3241162896156311,1,6026,82,Sub,Richarlison,a,0,0,0,667465,0,0,0.0,0,0,17,26611,17,Tottenham,1.02614,1.40775,1.40775,0.3241162896156311,1,0,0.3241162896156311,0.3241162896156311
667469,0,0,0,0.0,1,10764,82,Sub,Djed Spence,a,0,0,0,667456,0,0,0.0,0,0,17,26611,17,Tottenham,1.02614,1.40775,1.40775,0.0,1,0,0.0,0.0
666448,0,0,0,0.0,90,2310,81,GK,Alphonse Areola,h,0,0,0,0,0,0,0.0,0.1218288242816925,0.1218288242816925,1,26608,18,West Ham,2.8047,2.6703,2.8047,0.0,1,0,0.0,0.0
666449,0,0,0,0.0,88,8965,81,DR,Vladimir Coufal,h,0,0,666459,0,1,0,0.1218288242816925,0.3103783428668976,0.18854951858520508,2,26608,18,West Ham,2.8047,2.6703,2.8047,0.1218288242816925,1,0,0.0,0.1218288242816925
666451,0,0,0,0.0,90,7332,81,DC,Max Kilman,h,0,0,0,0,1,0,0.04816589877009392,0.8402504324913025,0.8402504324913025,3,26608,18,West Ham,2.8047,2.6703,2.8047,0.04816589877009392,1,0,0.0,0.04816589877009392
666450,0,0,1,0.014267580583691597,90,6722,81,DC,Konstantinos Mavropanos,h,0,0,0,0,0,0,0.0,0.8402504324913025,0.8259828090667725,3,26608,18,West Ham,2.8047,2.6703,2.8047,0.014267580583691597,1,0,0.014267580583691597,0.014267580583691597
666452,0,0,1,0.07661455869674683,90,1245,81,DL,Emerson,h,0,0,0,0,0,0,0.0,0.26087686419487,0.26087686419487,4,26608,18,West Ham,2.8047,2.6703,2.8047,0.07661455869674683,1,0,0.07661455869674683,0.07661455869674683
666453,0,0,1,0.021593421697616577,88,8267,81,DMC,Guido Rodríguez,h,0,0,666462,0,0,0,0.0,0.04816589877009392,0.04816589877009392,7,26608,18,West Ham,2.8047,2.6703,2.8047,0.021593421697616577,1,0,0.021593421697616577,0.021593421697616577
666454,0,0,0,0.0,76,1776,81,MR,Jarrod Bowen,h,0,0,666461,0,1,0,0.11193495988845825,0.18854951858520508,0.07661455869674683,8,26608,18,West Ham,2.8047,2.6703,2.8047,0.11193495988845825,1,0,0.0,0.11193495988845825
666455,1,0,1,0.7611688375473022,77,7365,81,MC,Lucas Paquetá,h,1,0,666463,0,1,0,0.07661455869674683,0.24660928547382355,0.24660928547382355,9,26608,18,West Ham,2.8047,2.6703,2.8047,0.8377833962440491,1,1,0.0,0.07661455869674683
666456,0,0,5,1.8190803527832031,90,8288,81,MC,Tomas Soucek,h,0,0,0,0,2,0,0.0854564681649208,1.8635891675949097,0,9,26608,18,West Ham,2.8047,2.6703,2.8047,1.904536820948124,1,0,1.8190803527832031,1.904536820948124
666457,0,0,2,0.0891134962439537,90,12027,81,ML,Mohammed Kudus,h,0,0,0,0,2,0,0.6800758838653564,0.850070595741272,0.16999472677707672,10,26608,18,West Ham,2.8047,2.6703,2.8047,0.7691893801093102,1,0,0.0891134962439537,0.7691893801093102
666458,0,0,2,0.16633768379688263,76,531,81,FW,Michail Antonio,h,0,0,666460,0,0,0,0.0,0.16633768379688263,0,15,26608,18,West Ham,2.8047,2.6703,2.8047,0.16633768379688263,1,0,0.16633768379688263,0.16633768379688263
666460,0,0,0,0.0,14,6098,81,Sub,Niclas Füllkrug,h,0,0,0,666458,0,0,0.0,0,0,17,26608,18,West Ham,2.8047,2.6703,2.8047,0.0,1,0,0.0,0.0
666463,0,0,0,0.0,13,843,81,Sub,James Ward-Prowse,h,0,0,0,666455,0,0,0.0,0.5793735384941101,0.5793735384941101,17,26608,18,West Ham,2.8047,2.6703,2.8047,0.0,1,0,0.0,0.0
666461,0,0,0,0.0,14,9492,81,Sub,Crysencio Summerville,h,0,0,0,666454,2,0,0.4146003723144531,0.9939739108085632,0.5936411023139954,17,26608,18,West Ham,2.8047,2.6703,2.8047,0.4146003723144531,1,0,0.0,0.4146003723144531
666459,0,0,0,0.0,2,6816,81,Sub,Jean-Clair Todibo,h,0,0,0,666449,0,0,0.0,0,0,17,26608,18,West Ham,2.8047,2.6703,2.8047,0.0,1,0,0.0,0.0
666462,0,0,1,0.4003327786922455,2,986,81,Sub,Danny Ings,h,0,0,0,666453,0,0,0.0,0.4003327786922455,0,17,26608,18,West Ham,2.8047,2.6703,2.8047,0.4003327786922455,1,0,0.4003327786922455,0.4003327786922455
666309,0,0,0,0.0,90,9740,229,GK,José Sá,a,0,0,0,0,0,0,0.0,0.044891152530908585,0.044891152530908585,1,26604,19,Wolverhampton Wanderers,1.6283,0.575835,0.575835,0.0,1,0,0.0,0.0
666310,0,0,2,0.08508986979722977,90,6852,229,DR,Matt Doherty,a,0,0,0,0,0,0,0.0,0.33342838287353516,0.2483385056257248,2,26604,19,Wolverhampton Wanderers,1.6283,0.575835,0.575835,0.08508986979722977,1,0,0.08508986979722977,0.08508986979722977
666311,0,0,0,0.0,90,9958,229,DC,Yerson Mosquera,a,0,0,0,0,1,0,0.034229446202516556,0.034229446202516556,0,3,26604,19,Wolverhampton Wanderers,1.6283,0.575835,0.575835,0.034229446202516556,1,0,0.0,0.034229446202516556
666312,0,0,0,0.0,90,10293,229,DC,Toti,a,1,0,0,0,0,0,0.0,0.06109914928674698,0.06109914928674698,3,26604,19,Wolverhampton Wanderers,1.6283,0.575835,0.575835,0.0,1,0,0.0,0.0
666313,0,0,1,0.012581726536154747,85,6674,229,DL,Rayan Ait Nouri,a,0,0,666324,0,0,0,0.0,0.012581726536154747,0,4,26604,19,Wolverhampton Wanderers,1.6283,0.575835,0.575835,0.012581726536154747,1,0,0.012581726536154747,0.012581726536154747
666315,0,0,0,0.0,90,1299,229,DMC,Mario Lemina,a,0,0,0,0,0,0,0.0,0,0,7,26604,19,Wolverhampton Wanderers,1.6283,0.575835,0.575835,0.0,1,0,0.0,0.0
666314,0,0,0,0.0,85,11384,229,DMC,João Gomes,a,1,0,666323,0,0,0,0.0,0.2483385056257248,0.2483385056257248,7,26604,19,Wolverhampton Wanderers,1.6283,0.575835,0.575835,0.0,1,0,0.0,0.0
666316,0,0,0,0.0,90,8845,229,AMR,Hee-Chan Hwang,a,0,0,0,0,1,0,0.2483385056257248,0.2483385056257248,0,11,26604,19,Wolverhampton Wanderers,1.6283,0.575835,0.575835,0.2483385056257248,1,0,0.0,0.2483385056257248
666317,0,0,1,0.06651081889867783,58,7762,229,AMC,Jean-Ricner Bellegarde,a,0,0,666320,0,0,0,0.0,0,0,12,26604,19,Wolverhampton Wanderers,1.6283,0.575835,0.575835,0.06651081889867783,1,0,0.06651081889867783,0.06651081889867783
666318,0,0,1,0.034229446202516556,76,12756,229,AML,Rodrigo Gomes,a,0,0,666321,0,0,0,0.0,0.034229446202516556,0,13,26604,19,Wolverhampton Wanderers,1.6283,0.575835,0.575835,0.034229446202516556,1,0,0.034229446202516556,0.034229446202516556
666319,0,0,1,0.2483385056257248,85,11070,229,FW,Jørgen Strand Larsen,a,0,0,666322,0,0,0,0.0,0.2483385056257248,0,15,26604,19,Wolverhampton Wanderers,1.6283,0.575835,0.575835,0.2483385056257248,1,0,0.2483385056257248,0.2483385056257248
666321,0,0,1,0.044891152530908585,14,8291,229,Sub,Daniel Podence,a,0,0,0,666318,0,0,0.0,0.044891152530908585,0,17,26604,19,Wolverhampton Wanderers,1.6283,0.575835,0.575835,0.044891152530908585,1,0,0.044891152530908585,0.044891152530908585
666324,0,0,0,0.0,5,804,229,Sub,Craig Dawson,a,0,0,0,666313,0,0,0.0,0.044891152530908585,0.044891152530908585,17,26604,19,Wolverhampton Wanderers,1.6283,0.575835,0.575835,0.0,1,0,0.0,0.0
666322,0,0,0,0.0,5,10327,229,Sub,Chiquinho,a,0,0,0,666319,1,0,0.016207994893193245,0.06109914928674698,0.06109914928674698,17,26604,19,Wolverhampton Wanderers,1.6283,0.575835,0.575835,0.016207994893193245,1,0,0.0,0.016207994893193245
666320,0,0,1,0.043061111122369766,32,7080,229,Sub,Matheus Cunha,a,0,0,0,666317,1,0,0.04113229736685753,0.0841934084892273,0,17,26604,19,Wolverhampton Wanderers,1.6283,0.575835,0.575835,0.0841934084892273,1,0,0.043061111122369766,0.0841934084892273
666323,0,0,1,0.04113229736685753,5,2199,229,Sub,Pablo Sarabia,a,0,0,0,666314,0,0,0.0,0.057340290397405624,0.016207994893193245,17,26604,19,Wolverhampton Wanderers,1.6283,0.575835,0.575835,0.04113229736685753,1,0,0.04113229736685753,0.04113229736685753
